Date,Private equity,Private equity returns,MSCI PRICE,MSCI TOTAL RETURN,MSCI TOTAL RETURN.1,gold,LEV LOANS INDEX,CORPORATE BONDS TR,REITs GLOBAL TR,Fama French Market,Fama French Size,Fama French Value,Fama French Robust,Fama French Conservative,Risk free
1989-12-31,171.19,0.015422956994470383,379.41,762.584,1205.7,401.0,,,,100.0,100.0,100.0,100.0,100.0,100.0
1990-01-31,171.38333333333333,0.0011287122204031164,353.94,713.133,1149.589,412.75,,,,92.15,98.68,100.85,98.82,101.37,100.57
1990-02-28,171.57666666666668,0.0011274396653400132,358.5,723.758,1100.482,407.5,,,,93.172865,99.81482,101.49544,98.750826,100.751643,101.143249
1990-04-30,173.95666666666668,0.012649853403855715,358.81,725.864,1019.493,367.75,,,,91.69003003,101.0674401,95.97980023,102.5690879,98.79655737,102.4929207
1990-05-31,176.14333333333335,0.012491831485947458,393.8,793.009,1127.042,363.75,,,,99.41033056,98.67214176,92.30377388,104.1486519,97.23557176,103.1898726
1990-07-31,177.4466666666667,-0.004965672182519754,389.89,788.972,1129.589,372.0,,,,96.45854956,96.83585025,90.48610212,102.8897134,100.0149261,104.5460805
1990-08-31,176.56333333333333,-0.004990453188268518,354.65,716.853,1024.046,385.25,,,,86.66800678,93.09798643,91.93387975,102.5295994,103.0053724,105.2360847
1990-10-31,176.00666666666666,0.0018577147874818678,335.95,681.623,1001.978,379.25,,,,79.80173741,85.07258436,92.49467642,105.8022191,106.38235,106.5874002
1990-11-30,176.33333333333334,0.00185427008154182,357.67,726.455,985.714,384.75,,,,84.86914773,85.1066134,89.74758453,106.3418104,101.3930178,107.1949484
1990-12-31,176.66,0.001850838126796539,367.63,746.708,1006.546,391.5,,,,86.95692877,85.65129572,88.2846989,109.1598684,99.55780415,107.8381181
1991-01-31,178.21,0.008735648868022139,383.64,782.388,1043.551,366.75,,,,91.03520873,88.98313113,86.89862913,110.5352827,95.72482869,108.3988763
1991-02-28,179.76,0.008659997692065602,411.08,836.52,1140.339,364.75,,,,97.58064023,92.560253,86.35116777,110.4800151,95.31321192,108.9191909
1991-04-30,181.88333333333333,0.0031571824532710124,422.03,860.373,1115.749,357.3,,,,99.88606092,96.40356204,86.46441732,110.6311518,95.00927715,109.978247
1991-05-31,182.45666666666668,0.00314724601514893,440.24,896.179,1141.218,360.75,,,,103.5319021,96.51924631,86.04074168,112.8990904,92.77655914,110.4951448
1991-07-31,185.99333333333334,0.01606075694507325,439.65,895.261,1121.711,363.0,,,,102.5903251,95.85087949,85.81348743,116.7472525,92.08181858,111.5029246
1991-09-30,191.92,0.015560906655706752,442.53,901.496,1147.857,354.55,,,,103.3013909,98.71873397,84.2330999,115.6202913,91.84215538,112.5311109
1991-10-31,195.82333333333332,0.020134273685176396,448.48,917.089,1166.663,357.8,,,,104.6339788,99.60720257,83.84562764,113.6200602,91.63091843,113.0037416
1991-12-31,203.63,0.019354856421691657,479.63,980.63,1197.46,353.3,,,,111.1168951,96.40001002,78.83047186,118.9121827,88.78091098,113.8755451
1992-01-31,205.82999999999998,0.01074596380848547,470.7,964.318,1175.49,355.4,,,,110.4613054,105.2591709,82.53550403,117.3782155,91.62190013,114.262722
1992-03-31,210.23,0.010519869406743432,467.52,957.436,1101.174,342.55,,,,108.6950358,105.6776161,90.99513321,117.4838442,95.45417392,114.9722386
1992-04-30,210.88666666666666,0.0031186948933026315,481.25,985.481,1116.719,336.5,,,,109.8580727,99.65399202,94.92612297,119.4693211,97.582802,115.3401498
1992-06-30,212.2,0.0030993629429652003,476.41,974.462,1122.649,343.55,,,,107.6092559,97.12701193,99.1775555,118.2159255,99.04151657,116.0332241
1992-07-31,214.12333333333333,0.009022946818619815,495.87,1015.136,1125.722,357.95,,,,111.6661249,96.48597366,98.63207895,119.6818029,98.16004707,116.3929271
1992-08-31,216.04666666666665,0.008942260733071805,485.72,990.832,1153.309,340.0,,,,109.0084711,96.06143537,97.5668525,124.0860933,96.58948632,116.6955487
1992-09-30,217.97,0.008863004908847394,491.43,1001.632,1142.949,348.85,,,,110.3056719,96.48410569,97.34244874,126.0466536,95.98097255,116.9989571
1992-11-30,226.75666666666666,0.019564808839906078,509.92,1041.304,1132.302,334.45,,,,116.0328814,102.4209483,94.06017428,126.8435054,93.6043493,117.5377713
1992-12-31,231.15,0.019189360915656373,516.18,1052.826,1141.66,333.05,,,,117.8081845,104.1313781,96.5527689,126.2600253,94.3812654,117.866877
1993-03-31,236.32,0.007319091246620779,538.72,1098.308,1241.265,337.85,,,,121.7845543,102.4997441,110.1813668,123.1197186,102.1575625,118.6938691
1993-04-30,240.71333333333334,0.018419918461518137,525.7,1074.114,1299.016,355.75,,,,118.0701254,101.6182463,112.9138647,118.6874088,103.6286313,118.9787344
1993-05-31,245.10666666666665,0.01808675270197302,539.76,1101.624,1329.17,379.75,,,,121.482352,103.5794785,108.9618795,118.5924588,102.5405307,119.2404876
1993-06-30,249.5,0.017765425245012345,541.34,1105.089,1318.232,378.25,,,,121.8589473,103.7452057,111.9256426,117.5132674,103.7710171,119.5385888
1993-08-31,260.59999999999997,0.021527060321808733,559.62,1143.856,1407.503,371.35,,,,125.9502226,104.8148312,115.2430604,113.5630472,105.8665534,120.1250451
1993-09-30,266.15,0.021073394928021294,555.33,1132.651,1381.721,355.25,,,,125.7990823,107.8963872,114.8397097,113.8469548,105.697167,120.4373702
1993-11-30,275.57,0.017239597576575783,561.41,1144.907,1339.918,370.0,,,,125.1617225,108.6383885,110.9102945,117.0149763,105.3318353,121.0040883
1993-12-31,280.28,0.016947423698532305,568.2,1158.852,1405.713,390.75,,,,127.2268909,110.1375983,111.2097523,118.3840515,104.973707,121.2823977
1994-01-31,283.1733333333333,0.010270091925147717,587.52,1201.082,1498.661,378.25,,,,130.8783027,110.2257084,112.6332371,116.3123306,106.474831,121.5856037
1994-02-28,286.06666666666666,0.010165688461833966,571.57,1167.437,1479.508,381.8,,,,127.540906,113.1687348,110.8761586,118.8130457,105.4100827,121.8409334
1994-03-31,288.96,0.010063386339306035,546.65,1117.015,1415.972,389.75,,,,121.4444507,111.9351956,112.5947391,119.6566184,106.7593318,122.169904
1994-05-31,292.28666666666663,0.005707014283153455,562.75,1152.004,1464.001,387.8,,,,122.9794405,108.0122028,115.2650584,121.6505284,108.678382,122.879512
1994-06-30,293.95,0.005674629006958476,548.96,1119.778,1460.193,388.0,,,,119.2531635,107.4937442,117.1899849,123.1224998,110.2759542,123.2604385
1994-08-31,301.73,0.012976148183421188,590.23,1203.548,1533.288,386.25,,,,127.5330084,107.0264667,114.9115186,123.5586489,108.7744181,124.0629083
1994-09-30,305.62,0.012809922429228848,575.79,1178.293,1493.268,393.8,,,,124.5869959,109.9803972,112.7971467,124.2135098,109.7533879,124.521941
1994-10-31,311.2866666666667,0.018371745214934343,588.73,1205.588,1536.017,384.5,,,,126.2564616,107.43985,110.9585532,124.5116222,108.9960895,124.9951244
1994-11-30,316.9533333333333,0.018040304188753353,567.29,1164.663,1469.67,383.0,,,,121.1557006,107.5795218,110.1485558,125.0096687,108.5710047,125.4576064
1995-01-31,328.2733333333333,0.017371434638393524,590.64,1214.883,1462.17,374.7,,,,124.3971971,104.288888,112.8116626,125.7482008,108.0691027,126.5388602
1995-02-28,333.9266666666667,0.017074813303403324,613.65,1263.074,1483.771,376.5,,,,128.9128154,103.725728,114.0413097,126.4523907,107.7665092,127.0450157
1995-03-31,339.58,0.016788151896427017,631.76,1297.222,1555.59,391.75,,,,131.736006,103.1759817,111.6692504,126.2880026,108.0251488,127.6294228
1995-05-31,352.32,0.018245597589494622,676.36,1390.833,1624.192,384.15,,,,138.4165892,100.7047064,116.1456128,127.24961,109.0955592,128.8832236
1995-06-30,358.69,0.01791865216535271,692.07,1425.372,1624.007,385.7,,,,142.1815204,103.756059,113.1955143,126.8042364,106.3899894,129.4889747
1995-07-31,366.8433333333333,0.022476366563393135,715.02,1474.114,1705.582,383.1,,,,147.470673,105.9141851,111.3957056,127.1592882,104.6451935,130.0716751
1995-08-31,374.99666666666667,0.021982264778954708,716.82,1474.553,1667.891,382.3,,,,148.2817617,107.7782747,114.5259249,125.6079449,106.3299811,130.683012
1995-10-31,395.81333333333333,0.03251616223198717,744.4,1540.647,1690.085,382.75,,,,150.9198129,101.4272567,113.8848718,129.2492841,106.6913415,131.8618002
1995-11-30,408.47666666666663,0.0314920734772306,777.07,1608.724,1749.089,387.85,,,,156.8962374,100.341985,114.545404,128.5254881,107.8969536,132.4156198
1996-01-31,430.0566666666667,0.020951662980349894,819.0,1692.017,1833.446,405.75,,,,162.094646,98.48697479,115.2105921,126.9926648,113.7893659,133.6366335
1996-02-29,438.9733333333333,0.020521684164023668,826.59,1709.998,1844.949,401.35,,,,164.2505048,100.2203455,113.9778388,127.2974472,111.6387469,134.1578163
1996-04-30,462.65999999999997,0.0324447765210536,846.85,1753.61,1920.44,391.75,,,,168.8577938,106.6515653,109.7554386,128.9747591,108.2340509,135.3005646
1996-05-31,477.43,0.03142510924285169,868.69,1800.809,1922.445,390.95,,,,172.8428378,110.0857457,108.7786152,129.1811187,107.9093488,135.8688269
1996-07-31,500.74666666666667,0.01721517988517185,833.48,1732.479,1864.566,385.35,,,,160.6713454,102.0476368,117.0918381,137.6468173,111.9998901,137.0261576
1996-09-30,517.84,0.016642170294270286,898.97,1871.283,1960.56,378.6,,,,173.3945509,103.2254074,113.0872738,138.7685797,106.8851687,138.1933519
1996-10-31,531.7766666666666,0.026557287465164947,923.76,1919.512,1974.601,379.75,,,,174.8857441,99.34413206,118.6737851,140.6835861,110.3696252,138.773764
1996-12-31,559.65,0.02521778099218963,973.9,2026.293,2052.559,369.65,,100.0,,182.6572293,98.66408968,121.911619,144.1837656,111.1185206,139.983713
1997-01-31,560.46,0.001446286777536443,1034.74,2165.497,2077.648,344.15,1006.911,100.568,,191.7535593,96.86840325,120.1317093,145.9428075,110.9740665,140.6136397
1997-02-28,561.27,0.0014441980526243015,1042.85,2181.224,2101.899,358.65,1006.911,101.06,,190.8139669,94.38857213,126.9672036,146.8914358,114.835964,141.1620329
1997-03-31,562.08,0.0014421153520798313,1000.0,2084.009,2060.685,347.95,1006.911,100.327,,181.2351057,93.98270127,131.2840885,147.5524472,116.799659,141.7690296
1997-04-30,582.0166666666667,0.034854895688200216,1059.7,2221.712,2128.403,340.1,1028.505,101.519,,188.557004,88.61628902,131.3759874,152.3331465,115.9703815,142.3786365
1997-06-30,621.89,0.032583305300781795,1174.59,2455.442,2373.247,334.55,1036.156,103.731,,209.5176417,93.94875206,127.9661131,151.6237128,113.2583155,143.6056741
1997-07-31,640.1766666666666,0.028980951702918034,1268.05,2650.06,2482.91,326.35,1050.899,106.588,,224.8752848,91.34637163,128.3372148,151.7298494,110.3702285,144.2231785
1997-09-30,676.75,0.027393090967176903,1262.56,2623.869,2443.432,333.05,1062.914,107.618,,227.0745089,100.7641707,130.370795,147.6447629,109.5305704,145.4516773
1997-10-31,693.6166666666667,0.024617525902755233,1220.4,2552.82,2315.204,312.55,1066.993,108.814,,218.4456775,100.2099677,133.3041379,149.1802685,111.5897451,146.0625743
1997-12-31,727.35,0.023462302616376718,1298.82,2716.982,2385.63,289.15,1075.228,110.162,,227.9247695,93.18776426,140.0972288,154.5992119,115.7110144,147.336053
1998-03-31,793.37,0.02813018339701223,1480.0,3099.36,2729.763,301.35,1083.371,112.337,,255.9670528,91.52399471,138.6252294,154.963314,111.61758,149.1260115
1998-04-30,807.2966666666666,0.017401521986045054,1494.89,3136.193,2756.845,309.8,1106.86,112.993,,257.8356123,91.47823271,139.8728564,152.3754267,111.1264627,149.7672534
1998-06-30,835.15,0.016816250991316117,1528.87,3206.355,2787.712,297.65,1121.857,114.974,,257.8675169,85.54784891,141.7938143,153.6206265,110.5977652,150.9828243
1998-07-31,823.1766666666666,-0.014440509989036343,1512.59,3175.11,2783.643,288.55,1127.288,115.32,,251.523976,81.03947727,139.2982432,156.2629012,111.0954551,151.5867556
1998-08-31,811.2033333333334,-0.014652097479719295,1293.9,2733.618,2412.838,275.15,1127.288,116.053,,211.0789206,76.84973629,144.3129799,161.638345,117.6389774,152.2385786
1998-09-30,799.23,-0.0148699777998349,1376.79,2913.732,2455.929,294.95,1124.227,118.931,,224.0602742,76.25799332,139.4496325,158.5672165,114.1450998,152.9388761
1998-11-30,848.6766666666666,0.02956437956765523,1579.02,3353.374,2838.074,292.35,1115.868,119.617,,254.6779539,74.17288474,131.8551595,158.6012228,113.204946,153.9039082
1998-12-31,873.4,0.028715367482323728,1670.01,3551.723,2977.153,287.75,1134.59,119.773,,270.3661158,73.00837045,126.3436138,157.3958535,109.3446573,154.488743
1999-03-31,937.27,0.022976864037459244,1753.21,3751.828,3086.008,279.85,1135.528,120.727,,277.6721204,65.80039515,119.3712757,145.0145678,104.573912,156.2410166
1999-04-30,991.8733333333333,0.05662401654791349,1821.11,3887.652,3208.093,286.55,1141.041,121.692,,289.6953232,68.78115305,122.2481234,141.3166963,105.5464493,156.8191083
1999-05-31,1046.4766666666667,0.053588834133446284,1778.1,3797.28,3091.297,269.95,1154.939,120.819,,282.5688183,71.35356818,125.0598303,142.7298633,109.0505915,157.3522933
1999-06-30,1101.08,0.05086255020660957,1876.78,4001.631,3235.914,261.15,1162.3,119.899,,296.0473509,72.99470025,120.9828798,144.3284378,105.5173523,157.9817025
1999-08-31,1187.9333333333332,0.037241417289594736,1809.19,3847.674,3221.377,255.15,1172.887,119.687,,281.7724273,73.58288862,118.2580163,144.5726444,109.569321,159.2005029
1999-09-30,1231.36,0.03590414697202782,1759.59,3733.527,3190.575,301.0,1163.725,120.623,,273.9109765,75.5107603,114.1426373,143.5028068,108.2873599,159.8213848
1999-11-30,1558.5533333333333,0.11089468910920086,1908.97,4063.205,3451.734,291.7,1171.296,121.478,,300.4700532,74.38593692,103.501795,134.984176,105.0622548,161.0222891
1999-12-31,1722.15,0.09981546964712429,2021.4,4346.659,3731.559,291.0,1181.903,121.631,,323.6663413,78.35814595,94.89044562,124.7253786,99.16826231,161.7307872
2000-01-31,1830.2333333333333,0.060869953053255266,1919.84,4113.942,3518.29,283.05,1191.21,121.489,,308.3245567,81.84508344,93.0970162,116.8801523,103.8688379,162.3938834
2000-02-29,1938.3166666666668,0.057376435534224335,1883.5,4016.239,3528.217,293.75,1197.06,122.417,,315.8785083,96.88820978,83.96419891,94.95343572,103.505297,163.0921771
2000-03-31,2046.4,0.05426225302916876,2067.76,4417.244,3772.522,277.45,1191.175,123.751,,332.3041908,81.97711429,90.87445248,106.1769318,101.8388617,163.8587103
2000-05-31,2065.1266666666666,0.004544333601148587,1964.4,4161.501,3522.404,272.65,1203.738,123.299,,297.2888994,74.89589181,102.170306,119.0993079,108.9820269,165.4355227
2000-06-30,2074.49,0.004523776018565684,2012.83,4261.432,3641.498,289.0,1213.502,125.155,,311.0831044,82.28811633,93.57778322,109.261705,105.8106499,166.0972648
2000-07-31,2100.1499999999996,0.012293430409399342,1981.36,4185.351,3539.433,277.25,1222.473,126.362,,303.2749184,81.44877755,101.3728126,115.9157429,108.9426451,166.8945317
2000-08-31,2125.81,0.012144135467766937,2104.43,4403.062,3655.012,277.0,1225.67,127.302,,324.5951452,80.62614489,99.98400503,112.426679,110.0974372,167.7290043
2000-10-31,2075.7666666666664,-0.0358207660849823,1984.9,4134.069,3403.538,264.45,1229.422,128.922,,298.4341398,78.63703985,113.1962794,126.4105252,120.6816587,169.528495
2000-11-30,2000.0633333333333,-0.03715171662891947,1828.42,3807.643,3197.338,268.55,1234.195,130.776,,266.442,78.18094502,127.1647003,143.3242535,130.8430544,170.3930903
2001-01-31,1864.97,-0.0313484777521813,1902.55,3940.799,3312.626,265.2,1252.393,135.36,,278.0515361,85.16238614,129.8372445,138.8049187,130.1863596,172.1697791
2001-02-28,1805.58,-0.032363097366094884,1729.07,3588.647,3033.04,266.2,1264.842,136.543,,250.1073567,87.53841671,146.0409326,151.4639273,141.9812438,172.8240242
2001-04-30,1741.2366666666667,-0.0028406829090226182,1745.39,3621.65,3044.611,263.85,1264.202,137.187,,250.3663579,88.8158053,148.1416336,151.1489247,142.8274236,174.2267297
2001-05-31,1736.2833333333333,-0.0028487753820192196,1757.09,3643.445,3006.796,267.25,1275.978,138.363,,252.1689956,92.00429271,153.1191924,151.526797,145.5554274,174.7842552
2001-07-31,1674.6633333333332,-0.033277749222224706,1697.44,3526.865,2874.656,265.95,1289.772,141.889,,242.0099188,95.27418875,159.2763096,164.8372655,147.7156097,175.7994721
2001-08-31,1617.9966666666667,-0.03442339157234109,1591.18,3292.648,2737.233,273.1,1300.402,143.362,,226.376078,97.85611927,162.9396648,171.5296584,157.4057537,176.3444505
2001-10-31,1545.71,-0.010054670421745016,1490.58,3085.453,2544.471,280.5,1265.922,146.309,,210.4900236,97.11970892,152.6551803,174.7348565,155.081642,177.227259
2001-11-30,1530.09,-0.010156794512205636,1604.92,3323.252,2695.385,274.95,1281.793,145.481,,226.3609713,96.81863782,156.0441253,168.1997729,152.5072867,177.5285453
2001-12-31,1514.47,-0.01026101443241867,1618.98,3344.37,2712.658,276.8,1292.249,144.533,,229.9827469,101.8144795,157.3705004,168.7884721,152.0802663,177.7948382
2002-01-31,1500.9966666666667,-0.00893621086416907,1595.35,3297.208,2630.77,281.95,1300.593,145.304,,226.6709953,103.0871605,162.7840456,176.7046514,156.4145539,178.0437509
2002-02-28,1487.5233333333333,-0.009016787318002706,1564.59,3232.827,2608.413,296.8,1293.216,145.901,,221.4802295,102.7160467,166.300181,190.9470463,164.3916961,178.2752078
2002-04-30,1459.3999999999999,-0.009988322145025208,1525.0,3135.884,2632.752,307.7,1325.122,145.848,,218.8656997,114.2770994,174.5838059,196.1566508,174.2415255,178.774726
2002-05-31,1444.75,-0.010089096133632403,1513.77,3112.559,2638.855,325.3,1327.412,146.947,,215.8453531,110.825931,177.2549381,200.7663321,178.4581704,179.0250106
2002-07-31,1402.6766666666665,-0.01936205587730022,1296.34,2668.65,2270.613,304.85,1303.21,147.91,,183.8997616,107.7348894,170.3440535,216.5019314,181.0715083,179.5266298
2002-09-30,1347.83,-0.02014206479463798,1163.04,2378.786,2025.606,323.6,1299.385,153.08,,165.690467,109.6084853,178.5165888,226.5555969,174.5375863,180.0296562
2002-10-31,1342.1833333333334,-0.0041982505368132195,1265.41,2594.869,2175.475,316.95,1285.562,151.683,,178.6805996,104.8953204,171.4651835,218.9433289,175.8989795,180.2816977
2002-12-31,1330.89,-0.004233799693137641,1261.18,2584.929,2182.57,343.25,1318.275,156.706,,178.4245575,108.6808666,172.8934011,211.2886037,181.8319905,180.6965836
2003-01-31,1326.8233333333335,-0.00306027726125091,1228.14,2522.505,2116.624,368.0,1333.427,157.489,,173.8390463,109.4090285,171.6312792,209.1123311,183.2139136,180.8772802
2003-02-28,1322.7566666666667,-0.0030696713139262144,1209.71,2484.112,2080.382,349.75,1339.245,159.713,,170.5708723,108.3915245,169.2627676,210.9316084,182.0963088,181.0400697
2003-03-31,1318.69,-0.0030791232175833017,1221.46,2507.246,2074.666,336.0,1343.309,159.743,,172.4300948,109.1285869,165.9959962,214.8760295,180.7123768,181.2211098
2003-04-30,1343.7066666666667,0.01879314473498095,1322.07,2716.722,2259.956,338.25,1357.091,161.911,,186.6038486,110.274437,167.9381493,204.8413189,182.6640705,181.4023309
2003-06-30,1393.74,0.018112349415966733,1409.48,2897.97,2432.475,347.7,1391.069,165.835,,200.7034674,117.5420848,169.1489951,191.2994887,187.5407116,181.7471586
2003-07-31,1409.4533333333334,0.01121114104388976,1434.33,2951.784,2482.328,354.7,1400.082,161.552,,205.4199989,122.9255123,167.1361221,183.2075204,191.0102148,181.8743816
2003-09-30,1440.88,0.010965272100902368,1446.77,2972.457,2552.643,385.25,1415.788,165.829,,207.6200142,126.716363,169.8797284,181.0577157,195.7420001,182.147295
2003-10-31,1483.44,0.029109676990325184,1528.62,3142.133,2704.634,387.25,1430.572,164.208,,220.2433111,130.0996899,173.1414192,178.7039654,198.6389817,182.2747981
2003-12-31,1568.56,0.02750806816276441,1622.94,3337.41,2919.442,417.25,1447.801,166.596,,232.7925877,129.6613515,179.0956833,179.830894,204.1555735,182.5483124
2004-03-31,1606.45,0.007893125000189904,1650.42,3384.481,2998.83,425.25,1469.959,170.771,,237.9439215,134.4473397,185.5236248,179.823219,206.4371518,182.950209
2004-04-30,1624.3266666666666,0.011066595408047775,1624.51,3332.517,2939.076,387.75,1478.335,167.506,,233.5895477,131.6642798,179.9208113,185.9731731,200.7394864,183.0965692
2004-05-31,1642.2033333333334,0.01094546515097683,1646.8,3376.846,2967.884,393.75,1479.389,166.645,,236.3225454,131.1112898,179.5069935,183.8344816,200.7394864,183.2064271
2004-06-30,1660.08,0.01082695789038457,1678.83,3440.639,3030.093,395.0,1487.771,167.033,,240.7181448,134.48085,181.7149295,186.0221119,199.9766764,183.3529923
2004-08-31,1701.96,0.01237977607672569,1629.83,3340.507,2946.022,410.22,1496.147,171.687,,231.1297441,129.0127578,189.4418117,198.3290447,193.8252018,183.7382352
2004-09-30,1722.9,0.012228389443843746,1647.48,3377.187,3002.696,418.0,1501.357,172.614,,234.82782,133.2314749,189.4039234,195.4731064,190.1619055,183.9403473
2004-11-30,1885.68,0.044121335952360674,1740.33,3569.833,3239.895,448.97,1516.402,174.049,,248.9994957,138.9708324,191.6699045,193.367648,190.6924021,184.4188957
2004-12-31,1967.07,0.04225662740878633,1799.55,3694.97,3364.558,438.1,1523.587,175.695,,257.5401785,138.901347,191.2673977,191.1052465,191.5695871,184.7139659
2005-01-31,1968.8233333333333,0.0008909456130155036,1755.68,3603.494,3289.439,421.4,1529.025,177.094,,250.4320695,137.2623111,195.2266329,196.3033092,188.7726712,185.0095083
2005-02-28,1970.5766666666666,0.0008901525354660933,1792.63,3678.646,3395.133,437.02,1537.088,176.453,1140.77,255.1652356,136.8505242,198.233123,199.0908162,188.6782848,185.3055235
2005-03-31,1972.33,0.0008893608685820453,1760.89,3619.894,3330.635,427.65,1543.409,175.623,1111.06,250.1384805,134.9072467,202.2969021,199.9867249,191.1122347,185.6946651
2005-05-31,2056.7833333333333,0.02074411908546736,1782.46,3670.69,3320.818,416.05,1542.413,179.571,1167.37,252.5016263,133.1520468,201.203902,199.9488674,189.8456288,186.531227
2005-06-30,2099.01,0.020322531266237398,1784.99,3679.889,3351.019,438.65,1552.404,181.301,1212.6,253.9408855,137.5194339,206.8577317,201.8683765,188.8584315,186.9602488
2005-08-31,2187.0433333333335,0.02033139552218266,1834.48,3782.703,3496.581,433.4,1574.05,182.579,1261.21,260.6758448,140.0840201,207.9945142,195.1783637,188.0030615,187.9711803
2005-09-30,2231.06,0.01992625330730302,1849.33,3815.117,3588.41,470.85,1581.738,181.095,1288.84,261.9531564,139.5797176,209.4296763,195.7053452,186.8750431,188.5162967
2005-10-31,2288.3766666666666,0.025365878149259835,1818.5,3752.529,3502.063,465.7,1585.875,179.705,1250.13,256.6617026,137.5837277,210.288338,193.865715,184.4643551,189.0252907
2005-11-30,2345.6933333333336,0.024738335724934224,1887.28,3904.158,3620.657,495.2,1591.304,180.638,1295.72,265.9271901,138.739431,207.7648779,192.4311087,182.3614614,189.6112691
2006-01-31,2451.4700000000003,0.019965726418094576,1937.93,4012.973,3867.814,569.85,1610.71,181.975,1441.92,273.3263482,146.4512067,210.49158,191.5625016,181.9949349,190.8837882
2006-02-28,2499.93,0.019574886853544804,1943.19,4017.045,3863.679,559.75,1620.797,182.48,1475.9,272.5063692,145.8214665,209.7127612,190.6046891,185.4528387,191.5327931
2006-03-31,2548.39,0.019199055739584914,1967.38,4068.566,3950.381,583.55,1632.062,180.693,1542.46,276.4849622,150.7793964,210.8661814,190.7952938,184.7110273,192.2414645
2006-05-31,2657.076666666667,0.02066434609058021,1936.41,4000.222,3936.964,647.1,1643.05,180.538,1482.65,268.5607345,145.2221353,220.9580808,196.4439507,187.3890676,193.7631479
2006-06-30,2711.42,0.020245961939823864,1939.03,4004.709,3937.433,613.15,1648.754,180.352,1531.84,267.6207719,144.9026466,222.7257454,199.0566552,187.2391563,194.5382005
2006-07-31,2741.4466666666667,0.011013278703444485,1950.99,4018.081,3962.861,632.65,1657.088,182.705,1586.74,265.5333299,139.6281902,228.56116,202.3211843,188.9243087,195.3163533
2006-08-31,2771.4733333333334,0.01089330648371245,1997.42,4115.145,4067.754,624.15,1666.111,185.569,1648.57,270.9236565,140.2146286,223.8985123,198.4770818,192.9861813,196.136682
2006-10-31,2938.99,0.04791099688992606,2115.65,4364.118,4269.391,605.4,1687.435,188.414,1791.4,284.8205013,140.9046459,223.450366,199.8636904,194.629644,197.7482999
2006-11-30,3076.48,0.045720101370275934,2155.89,4450.719,4376.153,647.6,1695.52,190.343,1884.99,289.6909318,141.9332498,223.6961614,200.223445,193.0142179,198.5788427
2007-01-31,3263.9766666666665,0.015439355274777355,2219.19,4586.413,4519.915,652.77,1722.357,189.116,2030.55,296.3022003,140.9245018,228.1500191,199.3386236,197.680105,200.2504
2007-02-28,3313.983333333333,0.015204601439046783,2175.78,4502.528,4498.258,669.17,1734.908,192.107,2043.0,290.4946772,142.7283354,227.8762391,198.3419305,196.2568083,201.0113515
2007-04-30,3473.8666666666663,0.032140517278429925,2297.57,4746.318,4787.38,680.75,1753.499,192.289,2082.8,302.6772454,140.0397503,222.5062033,201.7468862,197.0086092,202.7639534
2007-05-31,3583.7433333333333,0.031139591231797326,2377.75,4912.532,4926.191,662.05,1764.176,190.846,2108.22,312.4839882,140.5719014,221.1266649,204.8739629,194.3292921,203.5952856
2007-07-31,3731.4133333333334,0.010180064660918475,2265.75,4680.877,4782.624,664.65,1708.916,190.745,1876.79,294.9321001,137.4057302,210.6008388,206.3511186,192.3259748,205.2273054
2007-08-31,3769.2066666666665,0.010077474442423906,2299.71,4751.956,4781.075,672.6,1712.891,192.228,1919.87,297.6454754,136.8835884,206.620483,203.8129998,191.2874145,206.0892601
2007-10-31,3859.8766666666666,0.013793753925154917,2423.67,5015.452,5164.825,790.6,1763.041,194.695,2102.6,312.7597936,133.5175771,195.7302467,202.0433649,185.2879219,207.4103417
2007-11-30,3912.7533333333336,0.013606072178342643,2322.34,4803.743,4956.049,782.65,1738.565,195.241,1941.64,297.6534955,129.4853463,193.8903823,205.8417802,184.7876446,208.1155369
2007-12-31,3965.63,0.013423429251265162,2306.23,4776.315,4893.543,836.15,1743.999,195.41,1850.17,295.0639101,129.7184199,192.8821524,207.5296828,182.8288955,208.6774488
2008-01-31,3956.3866666666668,-0.002333581944316876,2167.9,4486.439,4520.672,923.05,1687.752,197.383,1757.1,276.2978454,128.9271376,200.6167267,212.1160887,186.723151,209.1156715
2008-02-29,3947.1433333333334,-0.0023390402889873485,2097.48,4346.96,4496.695,970.77,1645.419,197.115,1732.81,267.760242,128.1020039,198.9315462,213.8766523,184.9866257,209.3875218
2008-03-31,3937.9,-0.0023445242281212586,2088.42,4330.946,4455.805,932.4,1643.857,194.676,1722.81,265.2700718,128.8834261,199.6278066,215.5876655,185.9300575,209.7434806
2008-04-30,3918.7366666666667,-0.0048782633458994695,2190.13,4545.319,4693.577,869.85,1704.756,195.518,1830.95,277.4724951,127.3497134,197.4518635,219.2095383,181.3561781,210.1210189
2008-06-30,3880.41,-0.00492632728581377,2031.47,4241.463,4392.172,922.6,1725.081,192.824,1568.4,258.7792175,132.7569032,189.181217,232.1318397,180.2323791,210.8570854
2008-07-31,3759.2633333333333,-0.031717801934814105,2014.39,4192.954,4285.969,917.1,1711.893,193.056,1585.04,256.7866175,137.6689086,199.1510672,228.9980599,182.0887726,211.1733711
2008-09-30,3516.97,-0.033866325025753596,1861.44,3860.514,3726.688,877.6,1604.533,183.705,1392.35,236.6253449,142.7055257,214.0223146,238.9258311,186.9419847,211.7650683
2008-10-31,3308.18,-0.06120163423430114,1548.81,3200.304,3021.074,728.55,1392.459,176.043,1000.0,195.854798,138.0247844,209.2710192,246.0697134,190.7556012,211.9344803
2008-12-31,2890.6,-0.06974122490236567,1452.98,3002.604,2919.783,862.2,1236.501,185.949,945.52,183.6006255,137.0037433,196.2242059,257.5264142,193.0229718,211.9980607
2009-03-31,2757.32,-0.015983838720354804,1292.98,2687.434,2575.816,916.1,1357.684,183.39,747.03,165.2274001,133.283969,167.7942112,254.102462,184.5903336,212.0616643
2009-04-30,2810.5233333333335,0.019111512129282637,1416.73,2945.475,2867.372,884.0,1475.744,188.13,904.66,182.0475495,142.6671604,176.6201867,257.3549735,184.7933829,212.0828705
2009-06-30,2916.93,0.018407886412636465,1498.94,3114.565,3117.982,938.05,1634.415,199.329,1025.31,192.3558154,142.5910318,172.4518373,252.0275094,180.1676719,212.1040788
2009-07-31,2981.66,0.02194849906391383,1612.31,3349.331,3383.009,934.3,1711.835,206.032,1131.99,207.2056843,146.0132166,180.7985062,251.1202104,185.8429536,212.1252892
2009-08-31,3046.39,0.021477090642392227,1670.52,3465.82,3524.075,948.25,1750.598,209.937,1215.28,214.1056336,145.896406,194.5934322,243.7875002,191.9757711,212.1465017
2009-09-30,3111.12,0.021025506931264815,1732.86,3600.257,3665.756,1002.0,1806.588,213.423,1284.0,222.8411435,149.8647883,196.6172039,246.834844,192.6476863,212.1677164
2009-11-30,3247.193333333333,0.02117507103046634,1802.68,3740.563,3750.306,1177.7,1821.264,217.509,1291.33,229.1386253,138.6726701,187.7376957,259.64771,190.0438486,212.1677164
2009-12-31,3315.23,0.020735969340217153,1837.5,3817.617,3818.859,1096.0,1874.803,216.252,1335.57,235.4399375,147.3258447,187.4185417,262.3740109,189.8538047,212.1889332
2010-03-31,3394.03,0.0077691811900741925,1936.48,4024.789,3946.96,1113.15,1961.785,222.321,1382.42,250.1103776,152.8502585,198.5789728,256.793146,196.5879019,212.210152
2010-04-30,3396.6933333333336,0.0007844034690140944,1967.05,4089.279,3949.718,1179.85,1990.379,224.88,1414.67,255.1125852,160.4622014,204.3179051,258.590698,200.0085314,212.2313731
2010-05-31,3399.3566666666666,0.000783788662438667,1809.98,3759.572,3575.137,1203.0,1945.992,224.001,1295.77,234.9842022,160.5263863,199.3325483,261.8747999,199.5485117,212.2525962
2010-06-30,3402.02,0.0007831748188618093,1715.23,3559.653,3453.891,1243.65,1937.383,226.979,1274.66,221.8955821,156.5613846,189.9639185,261.4034252,196.4555098,212.2738215
2010-08-31,3559.246666666667,0.022334642419439277,1752.55,3639.268,3596.902,1247.0,1973.905,235.241,1393.47,225.9550264,151.9350332,185.6819038,263.603156,197.0389159,212.3162783
2010-09-30,3637.86,0.021846684688270557,1908.95,3970.138,3933.681,1301.47,2001.65,235.719,1518.24,247.511136,157.6477905,179.7957875,263.10231,197.7679599,212.33751
2010-11-30,3862.4133333333334,0.029499920237494592,1981.84,4131.084,3994.994,1385.18,2039.365,233.466,1511.72,258.6572555,164.8230918,173.7760663,267.5094841,200.1319179,212.3799796
2010-12-31,3974.69,0.028654553643558955,2114.29,4407.359,4290.045,1417.63,2064.685,232.155,1603.06,276.2976803,166.4383581,180.3448016,258.0663993,206.4560865,212.4012176
2011-01-31,4044.4566666666665,0.01740046163619624,2164.4,4513.031,4387.97,1332.16,2105.371,232.043,1605.69,281.7960041,162.493769,181.7334566,256.3889677,208.169672,212.4224577
2011-02-28,4114.223333333333,0.017102856654673815,2238.55,4664.337,4543.546,1415.05,2115.119,233.566,1643.81,291.6306847,165.1099187,183.9869514,251.4406607,209.9807481,212.4437
2011-03-31,4183.99,0.0168152607677996,2239.44,4669.889,4500.825,1437.13,2114.823,233.281,1635.71,292.9721858,169.4688206,180.5279967,255.9414485,209.9807481,212.4649443
2011-05-31,4337.07,0.017805439223902653,2279.66,4760.617,4602.241,1538.1,2126.382,239.049,1721.69,297.6397308,167.424264,172.5298844,263.5692817,205.1562515,212.4649443
2011-06-30,4413.61,0.017493943785593657,2241.66,4679.897,4531.208,1510.78,2118.593,237.423,1676.67,292.4310355,167.6419155,171.8742708,270.0003722,202.1199389,212.4649443
2011-08-31,4246.283333333333,-0.019511134245863815,2076.78,4334.932,4138.562,1826.6,2028.242,240.678,1585.0,268.4539277,160.2644709,166.2227698,286.524638,197.9067852,212.4861908
2011-09-30,4162.62,-0.019899406805778952,1930.79,4023.147,3782.757,1617.79,2036.933,239.801,1379.52,248.0782746,154.3827648,163.297249,292.3410881,198.3223894,212.4861908
2011-10-31,4202.736666666667,0.009591216680226111,2141.81,4465.154,4175.103,1724.35,2096.089,243.564,1553.7,276.2351587,159.7552851,163.4932057,286.0557547,196.5969846,212.4861908
2011-11-30,4242.8533333333335,0.009500098485299091,2137.08,4452.911,4075.56,1745.85,2085.527,239.08,1462.95,275.4617003,159.3079703,162.741137,291.290575,199.5655991,212.4861908
2012-01-31,4368.876666666667,0.019859226207779912,2255.69,4706.759,4280.521,1731.05,2141.919,248.863,1594.92,291.5138728,162.0690466,163.8068734,288.3185344,201.5485747,212.4861908
2012-02-29,4454.783333333333,0.01947250486665908,2353.23,4914.136,4491.979,1734.74,2158.438,251.517,1658.47,304.3987859,159.2976659,164.5112429,286.9634373,201.4679553,212.4861908
2012-04-30,4534.11,-0.0014501699548503666,2415.42,5040.928,4503.68,1660.28,2191.077,253.373,1707.14,311.1977307,157.661115,165.0728448,289.1236837,204.2578049,212.4861908
2012-05-31,4527.53,-0.0014522760022455117,2270.25,4731.22,4119.206,1566.05,2176.275,254.772,1592.67,291.9345912,157.5034539,163.3230727,295.195281,209.0374376,212.5074394
2012-07-31,4572.016666666666,0.011232242552381422,2396.62,4984.978,4388.036,1621.25,2216.664,261.864,1754.37,305.6868444,154.396925,164.0895348,295.3367062,210.0201895,212.5074394
2012-08-31,4623.083333333333,0.011107479353007932,2450.6,5101.984,4501.501,1674.4,2241.579,263.475,1759.15,313.481859,155.0917112,166.2226987,291.408728,208.1720118,212.5286902
2012-10-31,4732.496666666666,0.012405571723832054,2467.51,5137.66,4597.231,1724.19,2273.593,268.392,1812.96,316.3720112,154.663931,174.8600424,283.1625429,216.7039521,212.5711981
2012-11-30,4790.843333333333,0.012253557412819305,2481.82,5171.124,4658.581,1717.96,2280.655,269.252,1840.47,318.8397129,155.3444523,173.408704,285.0030994,218.5676061,212.5924552
2012-12-31,4849.19,0.012105223527784759,2504.44,5220.28,4748.699,1662.41,2297.516,269.932,1912.05,322.6020215,158.3270658,179.5300313,279.7020417,220.4472875,212.6137144
2013-01-31,4899.696666666667,0.010361617746157847,2634.16,5496.521,4992.061,1663.9,2323.043,267.859,1978.72,340.5709541,159.0553703,181.2355666,274.3037923,223.5996837,212.6137144
2013-02-28,4950.203333333333,0.010255354739523881,2669.92,5567.152,5002.799,1582.94,2327.912,270.2,1993.3,344.9643195,158.5941098,181.4168021,272.4933873,224.8742019,212.6137144
2013-04-30,5049.5233333333335,0.009713947040307147,2823.42,5890.806,5287.524,1467.64,2361.102,275.369,2164.29,364.4288104,156.3904636,181.9045412,273.5843173,228.8440029,212.6137144
2013-05-31,5098.336666666666,0.009620493349615344,2889.46,6014.938,5294.215,1392.74,2365.567,271.112,2007.44,374.6328171,159.6433853,186.7613925,268.1399894,226.7157537,212.6137144
2013-07-31,5251.17,0.02000774548125328,2995.72,6246.996,5439.347,1309.66,2374.81,266.877,1954.83,391.0499764,165.0684443,187.9198454,263.4884711,227.9401389,212.6137144
2013-09-30,5459.21,0.019237906514421255,3000.18,6275.866,5594.336,1330.84,2379.711,267.572,1976.44,394.7955822,169.3241481,180.6341253,263.7684224,219.8943991,212.6137144
2013-10-31,5610.506666666667,0.027336939726589904,3138.09,6554.5,5814.649,1323.61,2397.043,271.193,2035.06,411.2980375,166.7842859,182.9101153,271.0484308,221.9174275,212.6137144
2013-12-31,5913.1,0.025919724172155156,3315.59,6922.497,6048.181,1207.85,2420.14,269.996,1954.79,436.0908899,168.3751411,183.4039214,270.2332906,222.1837995,212.6137144
2014-01-31,5980.753333333334,0.011376306917350476,3200.95,6687.485,5825.527,1242.68,2435.979,274.395,1941.41,421.6126724,169.3685544,179.6991622,259.7482389,219.0065711,212.6137144
2014-02-28,6048.406666666667,0.01124834097354288,3347.38,7001.931,6120.254,1325.7,2440.272,276.726,2022.13,441.2176616,169.6395441,179.1420948,259.150818,217.9553396,212.6137144
2014-03-31,6116.06,0.011123221876605527,3375.51,7050.019,6132.592,1289.28,2449.079,277.126,2032.71,443.1148976,167.7226173,187.9558858,264.6189003,222.2708553,212.6137144
2014-04-30,6209.610000000001,0.015179993688649418,3400.46,7092.383,6198.798,1293.7,2451.845,279.93,2089.49,442.2729793,160.7956732,190.0985829,273.7482523,224.5602451,212.6137144
2014-06-30,6396.71,0.014732700743987692,3552.18,7417.225,6442.501,1316.93,2482.992,284.28,2178.12,463.1649199,162.6470907,188.5414797,268.7360861,217.8685721,212.6137144
2014-07-31,6398.4366666666665,0.00026989400311272504,3503.19,7312.88,6341.234,1286.06,2482.283,284.556,2203.82,453.7163555,155.6857952,188.579188,271.1278372,218.9361281,212.6137144
2014-09-30,6401.89,0.0002697483961640046,3592.25,7487.563,6310.268,1212.83,2471.287,286.27,2095.18,463.6367366,150.3283512,185.2148222,272.9765983,216.3601257,212.6137144
2014-10-31,6487.156666666667,0.013231065535650899,3679.99,7668.259,6352.598,1165.69,2477.687,288.395,2225.39,475.3203823,155.9656643,181.8253909,271.6663106,216.0788575,212.6137144
2014-12-31,6657.69,0.012889964751108707,3769.44,7847.602,6381.054,1186.33,2458.748,290.808,2242.77,487.1485875,156.8158924,180.2068849,272.4846022,218.6985976,212.6137144
2015-03-31,6796.08,0.006810877921175518,3805.27,7955.685,6537.619,1187.6,2511.004,296.889,2333.49,495.3679956,160.7187789,169.7543418,274.2622493,210.0779481,212.6137144
2015-04-30,6927.786666666667,0.01919440249762161,3841.78,8028.432,6694.314,1180.69,2534.103,295.149,2334.3,498.2906668,155.7847124,172.8608462,274.2896756,208.7334492,212.6137144
2015-06-30,7191.2,0.018484773163999435,3815.85,7981.335,6569.466,1169.35,2528.24,289.202,2200.03,497.3398883,161.6012431,169.57444,270.5933177,204.0183193,212.6137144
2015-07-31,7170.496666666667,-0.0028831339576598225,3895.8,8140.837,6689.576,1094.3,2528.084,291.427,2253.18,504.9989226,154.1999062,162.6727603,271.513335,198.9790668,212.6137144
2015-08-31,7149.793333333333,-0.0028914704601223917,3660.75,7646.982,6249.646,1130.69,2510.399,289.43,2110.62,474.4969877,154.6162459,167.2275976,273.2510203,201.486203,212.6137144
2015-09-30,7129.09,-0.002899855311953914,3570.17,7444.467,6021.954,1114.34,2494.097,289.971,2129.99,459.9299302,150.3179143,168.1975177,278.251514,200.3578803,212.6137144
2015-11-30,7254.283333333334,0.008666369713919764,3882.84,8086.848,6471.717,1063.68,2467.735,292.238,2210.52,498.3497169,152.0943924,166.7876104,273.0109473,199.3652953,212.6137144
2015-12-31,7316.88,0.008591908595448672,3821.6,7950.974,6360.575,1062.38,2441.824,290.112,2233.63,487.5355281,147.577189,162.4678113,274.2940987,199.4051684,212.6349758
2016-02-29,7346.246666666667,0.0020007532774251047,3627.06,7512.496,5940.8,1232.88,2413.098,293.176,2136.62,459.0372043,143.8698316,164.8690758,291.3642214,209.5958971,212.6987705
2016-03-31,7360.93,0.0019967582554727414,3873.11,8027.008,6348.295,1234.34,2479.598,299.938,2347.2,490.9861937,145.3229169,166.6826356,293.4911802,209.5539779,212.7413103
2016-05-31,7464.843333333333,0.006984516843012045,3957.95,8214.231,6494.943,1214.28,2551.366,303.481,2340.55,504.3232249,146.0678073,169.1618148,281.8155963,208.1776023,212.7838607
2016-06-30,7516.8,0.006936071538945043,3968.21,8235.468,6425.28,1321.07,2551.905,309.064,2430.91,504.0710633,146.6958988,166.7089685,285.930104,212.2162478,212.8264175
2016-08-31,7714.38,0.01288865765014613,4120.29,8560.942,6707.42,1307.93,2607.847,315.567,2498.67,526.6017796,152.8895185,169.6761897,284.0045477,208.9990749,212.9115565
2016-09-30,7813.17,0.012724651728849068,4121.06,8570.201,6746.077,1321.51,2630.377,314.887,2479.88,527.9182841,155.7485525,167.6231079,277.6712463,209.0408747,212.9541388
2016-10-31,7868.663333333333,0.007077433332222327,4045.89,8407.785,6617.258,1273.88,2652.089,312.147,2346.53,517.2543347,149.4407361,174.5291799,280.3646574,209.5216687,212.9967297
2016-11-30,7924.156666666667,0.007027695082641117,4195.73,8711.426,6716.017,1173.76,2659.109,305.691,2275.51,542.3928954,159.9613639,188.8580256,279.8880375,217.2739705,213.0180293
2017-01-31,8090.706666666666,0.01382152704347206,4359.81,9057.787,7046.796,1211.49,2704.907,308.276,2361.95,562.9783763,158.3206722,190.295915,281.9418559,214.6498528,213.1671675
2017-02-28,8201.763333333332,0.013633093908483218,4532.93,9413.917,7245.763,1256.64,2718.479,311.98,2440.05,583.0767044,154.7901212,187.1179732,283.1260117,210.7002955,213.2524344
2017-03-31,8312.82,0.013449729678926658,4538.21,9427.203,7328.135,1247.25,2720.666,311.726,2416.15,584.0679348,155.9200891,180.8869447,284.9097056,208.7197127,213.3164101
2017-05-31,8603.506666666666,0.01703782211951932,4649.34,9659.066,7604.861,1267.97,2742.533,317.648,2481.33,596.6928786,151.9063303,170.3952758,293.1385816,201.6423612,213.5511222
2017-06-30,8748.85,0.01675239107138715,4678.36,9719.584,7637.015,1243.47,2741.358,317.595,2505.7,601.347083,155.8103229,172.9341654,286.5136497,201.6423612,213.6792528
2017-07-31,8882.393333333333,0.01514877704913431,4774.56,9917.602,7822.147,1268.85,2760.22,319.875,2573.18,612.5922735,153.2861957,172.5537103,284.8232192,201.3398977,213.8288283
2017-08-31,9015.936666666666,0.014922711954115542,4789.18,9950.119,7837.108,1316.02,2759.003,322.586,2581.85,613.5724211,150.496387,168.9818485,285.165007,196.6084101,214.0212743
2017-10-31,9311.433333333332,0.017545988686871183,5002.03,10385.528,8169.601,1269.46,2786.356,323.766,2579.02,643.1249834,154.5561323,174.5866351,283.2750759,193.3591631,214.4066859
2017-11-30,9473.386666666667,0.017243428064851685,5155.44,10701.668,8350.802,1279.13,2789.589,323.6,2639.43,663.1904829,154.0151859,174.4993417,292.2548959,193.165804,214.5782113
2018-01-31,9738.78,0.010678263879484007,5511.21,11438.53,8915.278,1341.67,2827.592,323.408,2722.97,707.6185948,147.4152886,172.1777885,292.3267906,194.3889955,215.0075801
2018-02-28,9842.22,0.010565442238545941,5308.09,11018.792,8549.699,1319.34,2833.207,320.4,2538.01,681.7905161,147.8870175,170.4043573,293.9638206,189.8791708,215.2440885
2018-04-30,10101.533333333333,0.015550952394555395,5193.04,10793.095,8470.213,1313.18,2852.93,319.606,2642.81,667.6991675,154.5902465,170.8284869,285.5022719,192.2716484,215.8040847
2018-05-31,10257.406666666668,0.015312818753606905,5318.1,11056.275,8531.327,1304.08,2857.74,320.626,2671.12,685.3931954,161.9951194,165.4815553,279.6494753,189.426028,216.1062104
2018-07-31,10541.543333333333,0.012242044055055246,5549.96,11530.962,8798.941,1222.01,2882.18,321.632,2710.1,710.6520731,160.1227879,162.3531513,286.2563228,190.5071884,216.7550131
2018-08-31,10669.806666666667,0.012093987105407322,5730.8,11912.802,8911.933,1202.84,2893.744,323.224,2730.41,735.0985044,161.1315614,155.8914959,285.4261795,185.4777986,217.1018211
2018-10-31,10779.006666666666,-0.00176699917119727,5369.49,11136.44,8309.11,1215.54,2912.734,319.698,2559.83,679.050125,150.0336251,158.4975184,290.2119202,194.5018722,217.8405861
2018-11-30,10759.943333333333,-0.0017701269849279555,5478.91,11353.409,8407.845,1219.15,2886.456,318.85,2669.61,690.5260722,148.8933696,158.909612,288.4126063,195.2798797,218.2326991
2018-12-31,10740.88,-0.0017732658915559085,4984.22,10330.705,7771.71,1281.34,2813.001,322.671,2538.44,624.5808323,144.5605725,155.8903294,288.3260826,195.6704395,218.6473413
2019-01-31,10925.053333333333,0.017001600329999533,5383.63,11180.283,8379.029,1322.59,2884.638,328.605,2814.3,677.1080803,148.9118458,155.2044119,286.0771391,192.6766818,219.1065007
2019-02-28,11109.226666666666,0.016717371528786273,5556.49,11554.568,8635.203,1315.65,2930.553,330.321,2804.3,700.129755,151.4880207,151.0449337,286.6779011,189.5745872,219.5008924
2019-04-30,11468.336666666666,0.015371420355677401,5893.81,12240.093,9069.951,1283.06,2973.273,339.703,2886.97,735.8612971,144.5354507,148.0725431,293.7099609,183.4933681,220.3797718
2019-05-31,11643.273333333333,0.015138712332163351,5519.27,11466.21,8554.772,1300.11,2967.304,343.406,2861.93,684.7925231,142.2373371,144.5632238,292.2414111,186.6861527,220.8425693
2019-07-31,11858.396666666666,0.0033946338530252973,5993.17,12461.134,9169.816,1427.68,2998.338,353.821,2933.82,740.9624038,140.1525701,144.1396796,294.5772851,186.4774824,221.6604421
2019-09-30,11938.77,0.003371742170955372,6008.59,12462.232,9182.168,1473.85,3004.046,360.096,3030.5,732.1679655,136.0058844,146.3621909,301.4978864,191.4131982,222.414726
2019-10-31,12177.773333333334,0.01982134463146501,6138.73,12733.536,9418.381,1510.23,2990.533,361.579,3114.94,747.2506256,136.3731003,143.5374006,302.8546269,189.5756315,222.748348
2019-12-31,12655.78,0.019065512636171178,6553.57,13599.603,9979.034,1520.5,3056.095,363.042,3137.02,797.6691123,138.315551,143.1553644,298.0993308,189.4898485,223.327868
2020-01-31,12340.663333333334,-0.02521425605510963,6551.0,13626.226,9921.109,1586.7,3073.17,370.652,3126.36,796.7916763,132.2573299,134.2224696,294.5817587,185.093684,223.6181942
2020-03-31,11710.43,-0.02655337811704328,5269.2,10927.716,7890.181,1612.1,2657.423,347.703,2247.13,634.0692388,121.2777707,111.0306496,285.7815528,182.7214753,224.1551999
2020-04-30,12127.513333333334,0.03499680287937146,5944.68,12365.139,8756.465,1704.81,2777.052,363.991,2404.16,720.6196899,124.4067372,109.720488,293.4690766,180.8759884,224.1551999
2020-06-30,12961.68,0.03270728377437315,6351.67,13305.172,9432.107,1783.66,2915.265,375.379,2475.87,779.5466932,129.3566437,102.3230449,296.4942908,175.9250056,224.2000331
2020-07-31,13460.243333333334,0.03774309015716959,6709.81,14094.992,9886.493,1975.1,2972.321,385.13,2547.59,824.5265374,125.2560381,100.7575023,297.5913197,177.5083306,224.2224532
2020-08-31,13958.806666666667,0.03637020904020183,7192.11,15153.254,10550.972,1967.93,3016.718,382.39,2603.85,887.4379122,124.1036825,97.81538322,310.4770238,175.1652207,224.2448754
2020-09-30,14457.37,0.03509370778714249,6918.83,14587.942,10191.079,1899.84,3035.847,382.317,2525.94,855.223916,124.0912722,95.25262018,306.1613932,171.9772137,224.2672999
2020-11-30,16109.67,0.05264458910752268,7472.06,15852.222,11148.6,1774.39,3109.736,390.689,2761.32,941.6710612,138.978378,101.3284114,296.8231707,173.0428705,224.3121556
2020-12-31,16935.82,0.05001119272080601,7759.35,16505.979,11625.199,1897.77,3151.583,392.641,2849.63,985.2704313,145.5381574,99.87941515,290.9757542,172.9044362,224.3345868
2021-03-31,18644.47,0.03102424534306003,8238.48,17411.205,12211.116,1704.74,3207.716,379.979,3019.78,1043.537751,160.9205521,118.4212165,299.5926537,183.9131469,224.3345868
2021-04-30,19401.123333333333,0.03978138079766502,8678.16,18358.814,12784.973,1770.46,3224.2,382.919,3187.55,1094.984162,155.932015,117.3198992,306.4832847,178.7819701,224.3345868
2021-05-31,20157.77666666667,0.03825918455687116,8738.77,18447.077,12976.578,1905.99,3241.861,384.654,3243.33,1098.159616,157.787606,125.5792201,313.6549936,184.3242112,224.3345868
2021-06-30,20914.43,0.03684919862534208,8942.78,18960.673,13174.251,1765.43,3254.939,389.392,3258.34,1128.79827,157.393137,115.8342726,306.9427767,182.4994015,224.3345868
2021-08-31,21628.45666666667,0.016644401288903765,9433.58,19981.807,13751.461,1806.3,3269.963,393.306,3398.48,1175.46989,149.0743682,113.7275078,322.4894038,178.4646774,224.3345868
2021-09-30,21985.47,0.016371894715307533,8994.83,19038.351,13186.527,1760.95,3290.974,389.473,3211.42,1124.101856,150.9377978,119.516238,316.2653583,182.1767427,224.3345868
