Date,MSCI PRICE,MSCI TOTAL RETURN,MSCI TOTAL RETURN,gold,LEV LOANS INDEX,CORPORATE BONDS TR,REITs GLOBAL TR,Fama French Market,Fama French Size,Fama French Value,Fama French Robust,Fama French Conservative,Risk free
12/31/1989,379.41,762.584,1205.7,401,NA,NA,NA,100,100,100,100,100,100
1/31/1990,353.94,713.133,1149.589,412.75,NA,NA,NA,92.15,98.68,100.85,98.82,101.37,100.57
2/28/1990,358.5,723.758,1100.482,407.5,NA,NA,NA,93.172865,99.81482,101.49544,98.750826,100.751643,101.143249
3/30/1990,368,740.92,1034.213,369.5,NA,NA,NA,94.87792843,101.3918942,98.53177315,100.7455927,99.79450239,101.7905658
4/30/1990,358.81,725.864,1019.493,367.75,NA,NA,NA,91.69003003,101.0674401,95.97980023,102.5690879,98.79655737,102.4929207
5/31/1990,393.8,793.009,1127.042,363.75,NA,NA,NA,99.41033056,98.67214176,92.30377388,104.1486519,97.23557176,103.1898726
6/29/1990,391.14,790.122,1119.2,352.75,NA,NA,NA,98.32675796,99.96474682,90.52231104,103.0030167,96.8855237,103.8399688
7/31/1990,389.89,788.972,1129.589,372,NA,NA,NA,96.45854956,96.83585025,90.48610212,102.8897134,100.0149261,104.5460805
8/31/1990,354.65,716.853,1024.046,385.25,NA,NA,NA,86.66800678,93.09798643,91.93387975,102.5295994,103.0053724,105.2360847
9/28/1990,337.39,683.662,916.253,404.75,NA,NA,NA,81.36392476,89.61612173,92.49467642,102.5911171,106.7238664,105.8675012
10/31/1990,335.95,681.623,1001.978,379.25,NA,NA,NA,79.80173741,85.07258436,92.49467642,105.8022191,106.38235,106.5874002
11/30/1990,357.67,726.455,985.714,384.75,NA,NA,NA,84.86914773,85.1066134,89.74758453,106.3418104,101.3930178,107.1949484
12/31/1990,367.63,746.708,1006.546,391.5,NA,NA,NA,86.95692877,85.65129572,88.2846989,109.1598684,99.55780415,107.8381181
1/31/1991,383.64,782.388,1043.551,366.75,NA,NA,NA,91.03520873,88.98313113,86.89862913,110.5352827,95.72482869,108.3988763
2/28/1991,411.08,836.52,1140.339,364.75,NA,NA,NA,97.58064023,92.560253,86.35116777,110.4800151,95.31321192,108.9191909
3/29/1991,421.03,856.964,1106.909,355.85,NA,NA,NA,100.1665272,96.09605466,85.22860258,109.927615,94.25523527,109.3984353
4/30/1991,422.03,860.373,1115.749,357.3,NA,NA,NA,99.88606092,96.40356204,86.46441732,110.6311518,95.00927715,109.978247
5/31/1991,440.24,896.179,1141.218,360.75,NA,NA,NA,103.5319021,96.51924631,86.04074168,112.8990904,92.77655914,110.4951448
6/28/1991,420.07,855.168,1070.947,369.4,NA,NA,NA,98.41742618,96.77019635,86.96137761,114.8974043,93.37032912,110.9592244
7/31/1991,439.65,895.261,1121.711,363,NA,NA,NA,102.5903251,95.85087949,85.81348743,116.7472525,92.08181858,111.5029246
8/30/1991,450.06,917.013,1118.335,348.05,NA,NA,NA,104.9704206,97.20237689,85.14414223,117.7396041,91.76874039,112.0158381
9/30/1991,442.53,901.496,1147.857,354.55,NA,NA,NA,103.3013909,98.71873397,84.2330999,115.6202913,91.84215538,112.5311109
10/31/1991,448.48,917.089,1166.663,357.8,NA,NA,NA,104.6339788,99.60720257,83.84562764,113.6200602,91.63091843,113.0037416
11/29/1991,430.41,880.074,1116.018,366.35,NA,NA,NA,100.2498151,98.77050207,82.26932985,114.8244329,91.64008152,113.4444562
12/31/1991,479.63,980.63,1197.46,353.3,NA,NA,NA,111.1168951,96.40001002,78.83047186,118.9121827,88.78091098,113.8755451
1/31/1992,470.7,964.318,1175.49,355.4,NA,NA,NA,110.4613054,105.2591709,82.53550403,117.3782155,91.62190013,114.262722
2/28/1992,476.79,975.39,1155.405,353.2,NA,NA,NA,111.6653336,106.6696438,87.87555115,117.4955937,93.62841974,114.5826576
3/31/1992,467.52,957.436,1101.174,342.55,NA,NA,NA,108.6950358,105.6776161,90.99513321,117.4838442,95.45417392,114.9722386
4/30/1992,481.25,985.481,1116.719,336.5,NA,NA,NA,109.8580727,99.65399202,94.92612297,119.4693211,97.582802,115.3401498
5/29/1992,483.6,989.539,1161.343,336.95,NA,NA,NA,110.1876469,99.86326541,96.05574383,118.3224156,98.05119945,115.6631022
6/30/1992,476.41,974.462,1122.649,343.55,NA,NA,NA,107.6092559,97.12701193,99.1775555,118.2159255,99.04151657,116.0332241
7/31/1992,495.87,1015.136,1125.722,357.95,NA,NA,NA,111.6661249,96.48597366,98.63207895,119.6818029,98.16004707,116.3929271
8/31/1992,485.72,990.832,1153.309,340,NA,NA,NA,109.0084711,96.06143537,97.5668525,124.0860933,96.58948632,116.6955487
9/30/1992,491.43,1001.632,1142.949,348.85,NA,NA,NA,110.3056719,96.48410569,97.34244874,126.0466536,95.98097255,116.9989571
10/30/1992,493.13,1007.776,1112.195,339.65,NA,NA,NA,111.4307898,98.5006235,95.41506825,127.6348414,95.17473238,117.2680548
11/30/1992,509.92,1041.304,1132.302,334.45,NA,NA,NA,116.0328814,102.4209483,94.06017428,126.8435054,93.6043493,117.5377713
12/31/1992,516.18,1052.826,1141.66,333.05,NA,NA,NA,117.8081845,104.1313781,96.5527689,126.2600253,94.3812654,117.866877
1/29/1993,520.49,1062.116,1145.689,330.35,NA,NA,NA,118.9038006,106.0994612,102.2976586,123.9242148,97.1560746,118.1379709
2/26/1993,527.59,1076.114,1173.04,327.75,NA,NA,NA,119.0464851,102.4178099,108.8856279,123.3293786,101.2463453,118.3978744
3/31/1993,538.72,1098.308,1241.265,337.85,NA,NA,NA,121.7845543,102.4997441,110.1813668,123.1197186,102.1575625,118.6938691
4/30/1993,525.7,1074.114,1299.016,355.75,NA,NA,NA,118.0701254,101.6182463,112.9138647,118.6874088,103.6286313,118.9787344
5/31/1993,539.76,1101.624,1329.17,379.75,NA,NA,NA,121.482352,103.5794785,108.9618795,118.5924588,102.5405307,119.2404876
6/30/1993,541.34,1105.089,1318.232,378.25,NA,NA,NA,121.8589473,103.7452057,111.9256426,117.5132674,103.7710171,119.5385888
7/30/1993,539.16,1103.94,1345.6,405.75,NA,NA,NA,121.4446269,104.6996616,115.0819457,115.339272,105.8983229,119.8254814
8/31/1993,559.62,1143.856,1407.503,371.35,NA,NA,NA,125.9502226,104.8148312,115.2430604,113.5630472,105.8665534,120.1250451
9/30/1993,555.33,1132.651,1381.721,355.25,NA,NA,NA,125.7990823,107.8963872,114.8397097,113.8469548,105.697167,120.4373702
10/29/1993,566.82,1152.626,1420.022,368.8,NA,NA,NA,127.5728493,109.9356289,111.6471658,114.5072672,106.33135,120.7023324
11/30/1993,561.41,1144.907,1339.918,370,NA,NA,NA,125.1617225,108.6383885,110.9102945,117.0149763,105.3318353,121.0040883
12/31/1993,568.2,1158.852,1405.713,390.75,NA,NA,NA,127.2268909,110.1375983,111.2097523,118.3840515,104.973707,121.2823977
1/31/1994,587.52,1201.082,1498.661,378.25,NA,NA,NA,130.8783027,110.2257084,112.6332371,116.3123306,106.474831,121.5856037
2/28/1994,571.57,1167.437,1479.508,381.8,NA,NA,NA,127.540906,113.1687348,110.8761586,118.8130457,105.4100827,121.8409334
3/31/1994,546.65,1117.015,1415.972,389.75,NA,NA,NA,121.4444507,111.9351956,112.5947391,119.6566184,106.7593318,122.169904
4/29/1994,553.66,1133.025,1459.993,376.1,NA,NA,NA,122.2702729,110.8158436,114.4638118,120.9249785,107.9443604,122.4997627
5/31/1994,562.75,1152.004,1464.001,387.8,NA,NA,NA,122.9794405,108.0122028,115.2650584,121.6505284,108.678382,122.879512
6/30/1994,548.96,1119.778,1460.193,388,NA,NA,NA,119.2531635,107.4937442,117.1899849,123.1224998,110.2759542,123.2604385
7/29/1994,566.98,1157.778,1488.212,383.9,NA,NA,NA,122.6161027,105.5696062,117.8579678,122.3837648,110.3972578,123.6055677
8/31/1994,590.23,1203.548,1533.288,386.25,NA,NA,NA,127.5330084,107.0264667,114.9115186,123.5586489,108.7744181,124.0629083
9/30/1994,575.79,1178.293,1493.268,393.8,NA,NA,NA,124.5869959,109.9803972,112.7971467,124.2135098,109.7533879,124.521941
10/31/1994,588.73,1205.588,1536.017,384.5,NA,NA,NA,126.2564616,107.43985,110.9585532,124.5116222,108.9960895,124.9951244
11/30/1994,567.29,1164.663,1469.67,383,NA,NA,NA,121.1557006,107.5795218,110.1485558,125.0096687,108.5710047,125.4576064
12/30/1994,575.7,1182.011,1484.177,382.75,NA,NA,NA,122.1976396,107.53649,110.0494221,125.4972064,108.8967177,126.0096198
1/31/1995,590.64,1214.883,1462.17,374.7,NA,NA,NA,124.3971971,104.288888,112.8116626,125.7482008,108.0691027,126.5388602
2/28/1995,613.65,1263.074,1483.771,376.5,NA,NA,NA,128.9128154,103.725728,114.0413097,126.4523907,107.7665092,127.0450157
3/31/1995,631.76,1297.222,1555.59,391.75,NA,NA,NA,131.736006,103.1759817,111.6692504,126.2880026,108.0251488,127.6294228
4/28/1995,650.36,1338.256,1610.111,388.6,NA,NA,NA,134.5156358,102.9489945,113.5676277,126.7931546,108.9865727,128.1909922
5/31/1995,676.36,1390.833,1624.192,384.15,NA,NA,NA,138.4165892,100.7047064,116.1456128,127.24961,109.0955592,128.8832236
6/30/1995,692.07,1425.372,1624.007,385.7,NA,NA,NA,142.1815204,103.756059,113.1955143,126.8042364,106.3899894,129.4889747
7/31/1995,715.02,1474.114,1705.582,383.1,NA,NA,NA,147.470673,105.9141851,111.3957056,127.1592882,104.6451935,130.0716751
8/31/1995,716.82,1474.553,1667.891,382.3,NA,NA,NA,148.2817617,107.7782747,114.5259249,125.6079449,106.3299811,130.683012
9/29/1995,747.07,1541.034,1716.796,383.75,NA,NA,NA,153.2492007,105.7304875,114.468662,126.8891459,106.7340351,131.2449489
10/31/1995,744.4,1540.647,1690.085,382.75,NA,NA,NA,150.9198129,101.4272567,113.8848718,129.2492841,106.6913415,131.8618002
11/30/1995,777.07,1608.724,1749.089,387.85,NA,NA,NA,156.8962374,100.341985,114.545404,128.5254881,107.8969536,132.4156198
12/29/1995,792.04,1633.386,1800.553,387.05,NA,NA,NA,158.5122687,101.0744815,114.7515858,126.7518363,111.2201798,133.0644563
1/31/1996,819,1692.017,1833.446,405.75,NA,NA,NA,162.094646,98.48697479,115.2105921,126.9926648,113.7893659,133.6366335
2/29/1996,826.59,1709.998,1844.949,401.35,NA,NA,NA,164.2505048,100.2203455,113.9778388,127.2974472,111.6387469,134.1578163
3/29/1996,834.55,1727.687,1875.988,396.55,NA,NA,NA,165.4495334,101.8639592,114.388159,129.1814494,110.567015,134.6810318
4/30/1996,846.85,1753.61,1920.44,391.75,NA,NA,NA,168.8577938,106.6515653,109.7554386,128.9747591,108.2340509,135.3005646
5/31/1996,868.69,1800.809,1922.445,390.95,NA,NA,NA,172.8428378,110.0857457,108.7786152,129.1811187,107.9093488,135.8688269
6/28/1996,872.01,1811.811,1932.511,382.25,NA,NA,NA,170.8724294,106.0786246,111.3675462,133.6766217,109.204261,136.4123022
7/31/1996,833.48,1732.479,1864.566,385.35,NA,NA,NA,160.6713454,102.0476368,117.0918381,137.6468173,111.9998901,137.0261576
8/30/1996,851.06,1771.655,1886.354,386.6,NA,NA,NA,165.1219416,104.6804658,116.2253585,137.0824654,109.3118927,137.5879648
9/30/1996,898.97,1871.283,1960.56,378.6,NA,NA,NA,173.3945509,103.2254074,113.0872738,138.7685797,106.8851687,138.1933519
10/31/1996,923.76,1919.512,1974.601,379.75,NA,NA,NA,174.8857441,99.34413206,118.6737851,140.6835861,110.3696252,138.773764
11/29/1996,993.58,2064.995,2085.606,371.45,NA,NA,NA,185.8161031,95.54918621,120.3233507,143.6379414,109.5087421,139.3427364
12/31/1996,973.9,2026.293,2052.559,369.65,NA,100,NA,182.6572293,98.66408968,121.911619,144.1837656,111.1185206,139.983713
1/31/1997,1034.74,2165.497,2077.648,344.15,1006.911,100.568,NA,191.7535593,96.86840325,120.1317093,145.9428075,110.9740665,140.6136397
2/28/1997,1042.85,2181.224,2101.899,358.65,1006.911,101.06,NA,190.8139669,94.38857213,126.9672036,146.8914358,114.835964,141.1620329
3/31/1997,1000,2084.009,2060.685,347.95,1006.911,100.327,NA,181.2351057,93.98270127,131.2840885,147.5524472,116.799659,141.7690296
4/30/1997,1059.7,2221.712,2128.403,340.1,1028.505,101.519,NA,188.557004,88.61628902,131.3759874,152.3331465,115.9703815,142.3786365
5/30/1997,1124.22,2347.995,2260.155,345.05,1036.156,102.194,NA,201.2657461,92.82556275,125.9632967,150.7793484,112.5492552,143.0762918
6/30/1997,1174.59,2455.442,2373.247,334.55,1036.156,103.731,NA,209.5176417,93.94875206,127.9661131,151.6237128,113.2583155,143.6056741
7/31/1997,1268.05,2650.06,2482.91,326.35,1050.899,106.588,NA,224.8752848,91.34637163,128.3372148,151.7298494,110.3702285,144.2231785
8/29/1997,1197.01,2493.214,2317.176,324.75,1056.363,105.902,NA,215.5429605,98.31609978,129.8772614,150.075994,110.4695617,144.8144935
9/30/1997,1262.56,2623.869,2443.432,333.05,1062.914,107.618,NA,227.0745089,100.7641707,130.370795,147.6447629,109.5305704,145.4516773
10/31/1997,1220.4,2552.82,2315.204,312.55,1066.993,108.814,NA,218.4456775,100.2099677,133.3041379,149.1802685,111.5897451,146.0625743
11/28/1997,1276.89,2676.92,2356.541,296.85,1066.993,109.124,NA,224.9553587,95.09925938,134.8904571,153.372234,113.4532939,146.6322183
12/31/1997,1298.82,2716.982,2385.63,289.15,1075.228,110.162,NA,227.9247695,93.18776426,140.0972288,154.5992119,115.7110144,147.336053
1/30/1998,1313.19,2752.48,2452.49,303.05,1083.371,111.406,NA,228.2666566,91.92041067,137.8696828,155.944225,114.7390419,147.969598
2/27/1998,1407.9,2946.083,2618.782,298.45,1083.371,111.64,NA,244.3366293,92.10425149,136.6977905,155.4140146,112.0770961,148.5466795
3/31/1998,1480,3099.36,2729.763,301.35,1083.371,112.337,NA,255.9670528,91.52399471,138.6252294,154.963314,111.61758,149.1260115
4/30/1998,1494.89,3136.193,2756.845,309.8,1106.86,112.993,NA,257.8356123,91.47823271,139.8728564,152.3754267,111.1264627,149.7672534
5/29/1998,1469.19,3073.75,2722.7,293.95,1114.825,114.388,NA,249.920059,88.80706831,144.6285336,154.0210813,114.1713277,150.3663224
6/30/1998,1528.87,3206.355,2787.712,297.65,1121.857,114.974,NA,257.8675169,85.54784891,141.7938143,153.6206265,110.5977652,150.9828243
7/31/1998,1512.59,3175.11,2783.643,288.55,1127.288,115.32,NA,251.523976,81.03947727,139.2982432,156.2629012,111.0954551,151.5867556
8/31/1998,1293.9,2733.618,2412.838,275.15,1127.288,116.053,NA,211.0789206,76.84973629,144.3129799,161.638345,117.6389774,152.2385786
9/30/1998,1376.79,2913.732,2455.929,294.95,1124.227,118.931,NA,224.0602742,76.25799332,139.4496325,158.5672165,114.1450998,152.9388761
10/30/1998,1488.78,3139.696,2678.373,292.95,1115.868,118.294,NA,240.0357718,73.64996995,136.2562359,160.0577483,114.5103641,153.4282805
11/30/1998,1579.02,3353.374,2838.074,292.35,1115.868,119.617,NA,254.6779539,74.17288474,131.8551595,158.6012228,113.204946,153.9039082
12/31/1998,1670.01,3551.723,2977.153,287.75,1134.59,119.773,NA,270.3661158,73.00837045,126.3436138,157.3958535,109.3446573,154.488743
1/29/1999,1739.84,3705.311,3042.756,286.25,1144.308,121.06,NA,279.8289299,72.47540934,120.5065389,153.0045092,101.9310896,155.0294536
2/26/1999,1685.77,3601.942,2962.236,286.95,1142.471,119.477,NA,268.4119095,68.70668806,122.7720618,151.2143564,106.0694918,155.5720567
3/31/1999,1753.21,3751.828,3086.008,279.85,1135.528,120.727,NA,277.6721204,65.80039515,119.3712757,145.0145678,104.573912,156.2410166
4/30/1999,1821.11,3887.652,3208.093,286.55,1141.041,121.692,NA,289.6953232,68.78115305,122.2481234,141.3166963,105.5464493,156.8191083
5/31/1999,1778.1,3797.28,3091.297,269.95,1154.939,120.819,NA,282.5688183,71.35356818,125.0598303,142.7298633,109.0505915,157.3522933
6/30/1999,1876.78,4001.631,3235.914,261.15,1162.3,119.899,NA,296.0473509,72.99470025,120.9828798,144.3284378,105.5173523,157.9817025
7/30/1999,1818.18,3872.025,3226.654,255.8,1172.469,119.667,NA,285.7152984,74.87066404,120.4747517,144.8768858,108.8833558,158.5820329
8/31/1999,1809.19,3847.674,3221.377,255.15,1172.887,119.687,NA,281.7724273,73.58288862,118.2580163,144.5726444,109.569321,159.2005029
9/30/1999,1759.59,3733.527,3190.575,301,1163.725,120.623,NA,273.9109765,75.5107603,114.1426373,143.5028068,108.2873599,159.8213848
10/29/1999,1870.94,3977.809,3356.86,300.5,1164.501,121.032,NA,290.6743283,70.30806892,110.2960304,141.0345585,106.9662541,160.4446882
11/30/1999,1908.97,4063.205,3451.734,291.7,1171.296,121.478,NA,300.4700532,74.38593692,103.501795,134.984176,105.0622548,161.0222891
12/31/1999,2021.4,4346.659,3731.559,291,1181.903,121.631,NA,323.6663413,78.35814595,94.89044562,124.7253786,99.16826231,161.7307872
1/31/2000,1919.84,4113.942,3518.29,283.05,1191.21,121.489,NA,308.3245567,81.84508344,93.0970162,116.8801523,103.8688379,162.3938834
2/29/2000,1883.5,4016.239,3528.217,293.75,1197.06,122.417,NA,315.8785083,96.88820978,83.96419891,94.95343572,103.505297,163.0921771
3/31/2000,2067.76,4417.244,3772.522,277.45,1191.175,123.751,NA,332.3041908,81.97711429,90.87445248,106.1769318,101.8388617,163.8587103
4/28/2000,2005.55,4274.448,3613.441,275.25,1194.757,123.345,NA,311.0367226,77.91104942,97.46285028,114.3207025,107.5622058,164.6124604
5/31/2000,1964.4,4161.501,3522.404,272.65,1203.738,123.299,NA,297.2888994,74.89589181,102.170306,119.0993079,108.9820269,165.4355227
6/30/2000,2012.83,4261.432,3641.498,289,1213.502,125.155,NA,311.0831044,82.28811633,93.57778322,109.261705,105.8106499,166.0972648
7/31/2000,1981.36,4185.351,3539.433,277.25,1222.473,126.362,NA,303.2749184,81.44877755,101.3728126,115.9157429,108.9426451,166.8945317
8/31/2000,2104.43,4403.062,3655.012,277,1225.67,127.302,NA,324.5951452,80.62614489,99.98400503,112.426679,110.0974372,167.7290043
9/29/2000,1993.33,4163.637,3461.095,273.35,1230.062,128.497,NA,306.9047098,80.83577287,107.1528582,115.67581,116.2188547,168.5844222
10/31/2000,1984.9,4134.069,3403.538,264.45,1229.422,128.922,NA,298.4341398,78.63703985,113.1962794,126.4105252,120.6816587,169.528495
11/30/2000,1828.42,3807.643,3197.338,268.55,1234.195,130.776,NA,266.442,78.18094502,127.1647003,143.3242535,130.8430544,170.3930903
12/29/2000,1837.36,3801.778,3249.513,272.95,1240.035,132.769,NA,269.6126598,80.7609162,136.8292175,146.8213652,137.1104367,171.2450558
1/31/2001,1902.55,3940.799,3312.626,265.2,1252.393,135.36,NA,278.0515361,85.16238614,129.8372445,138.8049187,130.1863596,172.1697791
2/28/2001,1729.07,3588.647,3033.04,266.2,1264.842,136.543,NA,250.1073567,87.53841671,146.0409326,151.4639273,141.9812438,172.8240242
3/30/2001,1619.54,3359.872,2834.397,258.85,1266.826,137.606,NA,231.9495626,89.60432334,155.4313646,156.5985544,147.5185123,173.5498851
4/30/2001,1745.39,3621.65,3044.611,263.85,1264.202,137.187,NA,250.3663579,88.8158053,148.1416336,151.1489247,142.8274236,174.2267297
5/31/2001,1757.09,3643.445,3006.796,267.25,1275.978,138.363,NA,252.1689956,92.00429271,153.1191924,151.526797,145.5554274,174.7842552
6/29/2001,1714.32,3560.065,2913.016,271.2,1280.727,139.08,NA,247.2769171,98.04897474,151.3889456,153.4511874,143.3575404,175.2736511
7/31/2001,1697.44,3526.865,2874.656,265.95,1289.772,141.889,NA,242.0099188,95.27418875,159.2763096,164.8372655,147.7156097,175.7994721
8/31/2001,1591.18,3292.648,2737.233,273.1,1300.402,143.362,NA,226.376078,97.85611927,162.9396648,171.5296584,157.4057537,176.3444505
9/28/2001,1462.69,3040.927,2496.401,293.25,1280.687,143.586,NA,205.4362908,92.24896364,165.3185839,180.1576003,162.4742189,176.8382149
10/31/2001,1490.58,3085.453,2544.471,280.5,1265.922,146.309,NA,210.4900236,97.11970892,152.6551803,174.7348565,155.081642,177.227259
11/30/2001,1604.92,3323.252,2695.385,274.95,1281.793,145.481,NA,226.3609713,96.81863782,156.0441253,168.1997729,152.5072867,177.5285453
12/31/2001,1618.98,3344.37,2712.658,276.8,1292.249,144.533,NA,229.9827469,101.8144795,157.3705004,168.7884721,152.0802663,177.7948382
1/31/2002,1595.35,3297.208,2630.77,281.95,1300.593,145.304,NA,226.6709953,103.0871605,162.7840456,176.7046514,156.4145539,178.0437509
2/28/2002,1564.59,3232.827,2608.413,296.8,1293.216,145.901,NA,221.4802295,102.7160467,166.300181,190.9470463,164.3916961,178.2752078
3/29/2002,1623.43,3353.375,2724.27,302.5,1310.833,144.126,NA,230.8709913,107.0712071,168.0629629,187.5481889,165.3616072,178.5069656
4/30/2002,1525,3135.884,2632.752,307.7,1325.122,145.848,NA,218.8656997,114.2770994,174.5838059,196.1566508,174.2415255,178.774726
5/31/2002,1513.77,3112.559,2638.855,325.3,1327.412,146.947,NA,215.8453531,110.825931,177.2549381,200.7663321,178.4581704,179.0250106
6/28/2002,1405.94,2875.354,2479.285,317.75,1314.505,147.481,NA,200.2829031,115.1259771,177.2017616,208.6564489,182.9374704,179.2577431
7/31/2002,1296.34,2668.65,2270.613,304.85,1303.21,147.91,NA,183.8997616,107.7348894,170.3440535,216.5019314,181.0715083,179.5266298
8/30/2002,1304.86,2681.354,2275.335,313.2,1298.116,150.821,NA,184.8192604,106.3127888,175.9824416,219.4030573,178.5002928,179.777967
9/30/2002,1163.04,2378.786,2025.606,323.6,1299.385,153.08,NA,165.690467,109.6084853,178.5165888,226.5555969,174.5375863,180.0296562
10/31/2002,1265.41,2594.869,2175.475,316.95,1285.562,151.683,NA,178.6805996,104.8953204,171.4651835,218.9433289,175.8989795,180.2816977
11/29/2002,1339.89,2751.065,2293.254,318.95,1301.693,153.117,NA,189.3299633,107.9897324,169.2875757,198.822437,184.957777,180.4980358
12/31/2002,1261.18,2584.929,2182.57,343.25,1318.275,156.706,NA,178.4245575,108.6808666,172.8934011,211.2886037,181.8319905,180.6965836
1/31/2003,1228.14,2522.505,2116.624,368,1333.427,157.489,NA,173.8390463,109.4090285,171.6312792,209.1123311,183.2139136,180.8772802
2/28/2003,1209.71,2484.112,2080.382,349.75,1339.245,159.713,NA,170.5708723,108.3915245,169.2627676,210.9316084,182.0963088,181.0400697
3/31/2003,1221.46,2507.246,2074.666,336,1343.309,159.743,NA,172.4300948,109.1285869,165.9959962,214.8760295,180.7123768,181.2211098
4/30/2003,1322.07,2716.722,2259.956,338.25,1357.091,161.911,NA,186.6038486,110.274437,167.9381493,204.8413189,182.6640705,181.4023309
5/30/2003,1391.72,2862.49,2390.22,363.75,1375.013,166.007,NA,197.8933814,115.6227472,168.8282215,190.4614583,188.1805254,181.565593
6/30/2003,1409.48,2897.97,2432.475,347.7,1391.069,165.835,NA,200.7034674,117.5420848,169.1489951,191.2994887,187.5407116,181.7471586
7/31/2003,1434.33,2951.784,2482.328,354.7,1400.082,161.552,NA,205.4199989,122.9255123,167.1361221,183.2075204,191.0102148,181.8743816
8/29/2003,1462.3,3007.171,2536.553,376.5,1403.805,161.872,NA,210.2268269,126.0232352,169.7100184,179.1586342,195.0787324,182.0016937
9/30/2003,1446.77,2972.457,2552.643,385.25,1415.788,165.829,NA,207.6200142,126.716363,169.8797284,181.0577157,195.7420001,182.147295
10/31/2003,1528.62,3142.133,2704.634,387.25,1430.572,164.208,NA,220.2433111,130.0996899,173.1414192,178.7039654,198.6389817,182.2747981
11/28/2003,1542.07,3172.555,2746.464,398,1439.298,164.72,NA,223.2165958,133.0269329,176.2752789,178.9184101,202.2343472,182.4023905
12/31/2003,1622.94,3337.41,2919.442,417.25,1447.801,166.596,NA,232.7925877,129.6613515,179.0956833,179.830894,204.1555735,182.5483124
1/30/2004,1652.73,3397.874,2966.932,401.25,1461.092,167.675,NA,237.7976284,132.8250885,183.5014371,173.2490833,211.0764475,182.6760962
2/27/2004,1675.7,3439.102,3017.675,395.25,1465.399,169.498,NA,241.1267952,131.6562277,185.0978996,176.9739386,208.5013148,182.7857019
3/31/2004,1650.42,3384.481,2998.83,425.25,1469.959,170.771,NA,237.9439215,134.4473397,185.5236248,179.823219,206.4371518,182.950209
4/30/2004,1624.51,3332.517,2939.076,387.75,1478.335,167.506,NA,233.5895477,131.6642798,179.9208113,185.9731731,200.7394864,183.0965692
5/31/2004,1646.8,3376.846,2967.884,393.75,1479.389,166.645,NA,236.3225454,131.1112898,179.5069935,183.8344816,200.7394864,183.2064271
6/30/2004,1678.83,3440.639,3030.093,395,1487.771,167.033,NA,240.7181448,134.48085,181.7149295,186.0221119,199.9766764,183.3529923
7/30/2004,1623.26,3323.49,2931.964,390.15,1493.889,168.514,NA,230.9449881,130.5136649,187.5661502,195.8998861,196.6570635,183.5363453
8/31/2004,1629.83,3340.507,2946.022,410.22,1496.147,171.687,NA,231.1297441,129.0127578,189.4418117,198.3290447,193.8252018,183.7382352
9/30/2004,1647.48,3377.187,3002.696,418,1501.357,172.614,NA,234.82782,133.2314749,189.4039234,195.4731064,190.1619055,183.9403473
10/29/2004,1672.65,3428.833,3076.904,426.25,1509.934,174.095,NA,238.1858578,133.4846147,188.9304136,194.5152882,191.0936988,184.1426817
11/30/2004,1740.33,3569.833,3239.895,448.97,1516.402,174.049,NA,248.9994957,138.9708324,191.6699045,193.367648,190.6924021,184.4188957
12/31/2004,1799.55,3694.97,3364.558,438.1,1523.587,175.695,NA,257.5401785,138.901347,191.2673977,191.1052465,191.5695871,184.7139659
1/31/2005,1755.68,3603.494,3289.439,421.4,1529.025,177.094,NA,250.4320695,137.2623111,195.2266329,196.3033092,188.7726712,185.0095083
2/28/2005,1792.63,3678.646,3395.133,437.02,1537.088,176.453,1140.77,255.1652356,136.8505242,198.233123,199.0908162,188.6782848,185.3055235
3/31/2005,1760.89,3619.894,3330.635,427.65,1543.409,175.623,1111.06,250.1384805,134.9072467,202.2969021,199.9867249,191.1122347,185.6946651
4/29/2005,1727.49,3554.49,3260.39,436.45,1543.032,177.674,1145.88,243.6098662,129.5379383,202.3980505,201.8666001,189.2966685,186.0846239
5/31/2005,1782.46,3670.69,3320.818,416.05,1542.413,179.571,1167.37,252.5016263,133.1520468,201.203902,199.9488674,189.8456288,186.531227
6/30/2005,1784.99,3679.889,3351.019,438.65,1552.404,181.301,1212.6,253.9408855,137.5194339,206.8577317,201.8683765,188.8584315,186.9602488
7/29/2005,1851.37,3818.157,3468.823,429.8,1565.359,180.337,1273.26,263.8953683,141.3562261,205.2442413,199.3853955,187.3286782,187.4089534
8/31/2005,1834.48,3782.703,3496.581,433.4,1574.05,182.579,1261.21,260.6758448,140.0840201,207.9945142,195.1783637,188.0030615,187.9711803
9/30/2005,1849.33,3815.117,3588.41,470.85,1581.738,181.095,1288.84,261.9531564,139.5797176,209.4296763,195.7053452,186.8750431,188.5162967
10/31/2005,1818.5,3752.529,3502.063,465.7,1585.875,179.705,1250.13,256.6617026,137.5837277,210.288338,193.865715,184.4643551,189.0252907
11/30/2005,1887.28,3904.158,3620.657,495.2,1591.304,180.638,1295.72,265.9271901,138.739431,207.7648779,192.4311087,182.3614614,189.6112691
12/30/2005,1887.94,3906.351,3701.795,512.55,1600.668,182.171,1350.11,265.2623721,138.4619521,208.2219607,192.835214,182.7808928,190.2180252
1/31/2006,1937.93,4012.973,3867.814,569.85,1610.71,181.975,1441.92,273.3263482,146.4512067,210.49158,191.5625016,181.9949349,190.8837882
2/28/2006,1943.19,4017.045,3863.679,559.75,1620.797,182.48,1475.9,272.5063692,145.8214665,209.7127612,190.6046891,185.4528387,191.5327931
3/31/2006,1967.38,4068.566,3950.381,583.55,1632.062,180.693,1542.46,276.4849622,150.7793964,210.8661814,190.7952938,184.7110273,192.2414645
4/28/2006,1993.79,4122.201,4072.426,650.3,1639.511,180.067,1536.89,278.5033024,149.4977715,215.80045,194.2105296,184.6925562,192.9335337
5/31/2006,1936.41,4000.222,3936.964,647.1,1643.05,180.538,1482.65,268.5607345,145.2221353,220.9580808,196.4439507,187.3890676,193.7631479
6/30/2006,1939.03,4004.709,3937.433,613.15,1648.754,180.352,1531.84,267.6207719,144.9026466,222.7257454,199.0566552,187.2391563,194.5382005
7/31/2006,1950.99,4018.081,3962.861,632.65,1657.088,182.705,1586.74,265.5333299,139.6281902,228.56116,202.3211843,188.9243087,195.3163533
8/31/2006,1997.42,4115.145,4067.754,624.15,1666.111,185.569,1648.57,270.9236565,140.2146286,223.8985123,198.4770818,192.9861813,196.136682
9/29/2006,2048.89,4219.909,4117.429,596.4,1676.936,187.064,1689.16,275.9086518,138.2095595,224.0328514,200.1839847,194.0862026,196.9408424
10/31/2006,2115.65,4364.118,4269.391,605.4,1687.435,188.414,1791.4,284.8205013,140.9046459,223.450366,199.8636904,194.629644,197.7482999
11/30/2006,2155.89,4450.719,4376.153,647.6,1695.52,190.343,1884.99,289.6909318,141.9332498,223.6961614,200.223445,193.0142179,198.5788427
12/29/2006,2186.13,4504.774,4466.298,634.5,1708.519,189.06,1940.44,292.2112429,140.7977838,229.7583274,198.8018586,196.9710094,199.3731581
1/31/2007,2219.19,4586.413,4519.915,652.77,1722.357,189.116,2030.55,296.3022003,140.9245018,228.1500191,199.3386236,197.680105,200.2504
2/28/2007,2175.78,4502.528,4498.258,669.17,1734.908,192.107,2043,290.4946772,142.7283354,227.8762391,198.3419305,196.2568083,201.0113515
3/30/2007,2200.12,4551.226,4582.512,663.85,1742.782,191.52,2060.29,292.470041,142.9852464,225.7342024,199.5518162,194.9615133,201.8757003
4/30/2007,2297.57,4746.318,4787.38,680.75,1753.499,192.289,2082.8,302.6772454,140.0397503,222.5062033,201.7468862,197.0086092,202.7639534
5/31/2007,2377.75,4912.532,4926.191,662.05,1764.176,190.846,2108.22,312.4839882,140.5719014,221.1266649,204.8739629,194.3292921,203.5952856
6/29/2007,2338.25,4830.393,4889.922,650.45,1767.732,189.98,1962.32,306.359302,141.6261906,218.7606095,205.9597949,194.4847556,204.4096667
7/31/2007,2265.75,4680.877,4782.624,664.65,1708.916,190.745,1876.79,294.9321001,137.4057302,210.6008388,206.3511186,192.3259748,205.2273054
8/31/2007,2299.71,4751.956,4781.075,672.6,1712.891,192.228,1919.87,297.6454754,136.8835884,206.620483,203.8129998,191.2874145,206.0892601
9/28/2007,2385.72,4932.33,5010.069,743.5,1745.6,192.839,2039.83,307.2296597,133.5710055,202.0128462,202.671647,185.5105346,206.7487457
10/31/2007,2423.67,5015.452,5164.825,790.6,1763.041,194.695,2102.6,312.7597936,133.5175771,195.7302467,202.0433649,185.2879219,207.4103417
11/30/2007,2322.34,4803.743,4956.049,782.65,1738.565,195.241,1941.64,297.6534955,129.4853463,193.8903823,205.8417802,184.7876446,208.1155369
12/31/2007,2306.23,4776.315,4893.543,836.15,1743.999,195.41,1850.17,295.0639101,129.7184199,192.8821524,207.5296828,182.8288955,208.6774488
1/31/2008,2167.9,4486.439,4520.672,923.05,1687.752,197.383,1757.1,276.2978454,128.9271376,200.6167267,212.1160887,186.723151,209.1156715
2/29/2008,2097.48,4346.96,4496.695,970.77,1645.419,197.115,1732.81,267.760242,128.1020039,198.9315462,213.8766523,184.9866257,209.3875218
3/31/2008,2088.42,4330.946,4455.805,932.4,1643.857,194.676,1722.81,265.2700718,128.8834261,199.6278066,215.5876655,185.9300575,209.7434806
4/30/2008,2190.13,4545.319,4693.577,869.85,1704.756,195.518,1830.95,277.4724951,127.3497134,197.4518635,219.2095383,181.3561781,210.1210189
5/30/2008,2218.5,4617.845,4770.996,888.3,1720.512,194.127,1783.86,282.6334835,131.1956747,194.43085,221.2043451,181.2473644,210.4992367
6/30/2008,2031.47,4241.463,4392.172,922.6,1725.081,192.824,1568.4,258.7792175,132.7569032,189.181217,232.1318397,180.2323791,210.8570854
7/31/2008,2014.39,4192.954,4285.969,917.1,1711.893,193.056,1585.04,256.7866175,137.6689086,199.1510672,228.9980599,182.0887726,211.1733711
8/29/2008,2043.53,4250.383,4227.702,834.6,1709.07,194.419,1546.21,260.7154527,142.3496515,202.098503,233.3032234,183.6365272,211.4478964
9/30/2008,1861.44,3860.514,3726.688,877.6,1604.533,183.705,1392.35,236.6253449,142.7055257,214.0223146,238.9258311,186.9419847,211.7650683
10/31/2008,1548.81,3200.304,3021.074,728.55,1392.459,176.043,1000,195.854798,138.0247844,209.2710192,246.0697134,190.7556012,211.9344803
11/28/2008,1437.68,2964.17,2827.608,812.65,1273.407,180.27,860,180.4606109,132.6142129,196.086945,257.1920645,195.9823046,211.9980607
12/31/2008,1452.98,3002.604,2919.783,862.2,1236.501,185.949,945.52,183.6006255,137.0037433,196.2242059,257.5264142,193.0229718,211.9980607
1/30/2009,1330.51,2757.992,2664.847,922.05,1327.8,185.67,826.51,168.6922547,134.1540655,174.4236966,257.8096932,190.7259985,211.9980607
2/27/2009,1188.84,2475.326,2393.874,952,1338.158,183.969,695.22,151.654337,132.4100626,162.3710192,260.6713808,188.7233755,212.0192605
3/31/2009,1292.98,2687.434,2575.816,916.1,1357.684,183.39,747.03,165.2274001,133.283969,167.7942112,254.102462,184.5903336,212.0616643
4/30/2009,1416.73,2945.475,2867.372,884,1475.744,188.13,904.66,182.0475495,142.6671604,176.6201867,257.3549735,184.7933829,212.0828705
5/29/2009,1495.97,3107.532,3130.786,959.8,1565.354,194.336,1024.77,191.5322268,139.371549,177.2736814,255.4505467,180.7279285,212.0828705
6/30/2009,1498.94,3114.565,3117.982,938.05,1634.415,199.329,1025.31,192.3558154,142.5910318,172.4518373,252.0275094,180.1676719,212.1040788
7/31/2009,1612.31,3349.331,3383.009,934.3,1711.835,206.032,1131.99,207.2056843,146.0132166,180.7985062,251.1202104,185.8429536,212.1252892
8/31/2009,1670.52,3465.82,3524.075,948.25,1750.598,209.937,1215.28,214.1056336,145.896406,194.5934322,243.7875002,191.9757711,212.1465017
9/30/2009,1732.86,3600.257,3665.756,1002,1806.588,213.423,1284,222.8411435,149.8647883,196.6172039,246.834844,192.6476863,212.1677164
10/30/2009,1700.67,3530.52,3601.322,1046,1816.386,214.997,1266.26,217.0695578,142.4914407,188.3592814,257.127857,189.83503,212.1677164
11/30/2009,1802.68,3740.563,3750.306,1177.7,1821.264,217.509,1291.33,229.1386253,138.6726701,187.7376957,259.64771,190.0438486,212.1677164
12/31/2009,1837.5,3817.617,3818.859,1096,1874.803,216.252,1335.57,235.4399375,147.3258447,187.4185417,262.3740109,189.8538047,212.1889332
1/29/2010,1771.4,3683.695,3661.752,1077.85,1912.535,220.114,1256.46,227.5291556,147.8414851,188.2244414,259.1468106,190.6891615,212.1889332
2/26/2010,1826.27,3797.381,3714.83,1105.5,1918.219,220.87,1294.45,235.2651468,150.0738916,194.2852684,258.4211995,193.3588097,212.1889332
3/31/2010,1936.48,4024.789,3946.96,1113.15,1961.785,222.321,1382.42,250.1103776,152.8502585,198.5789728,256.793146,196.5879019,212.210152
4/30/2010,1967.05,4089.279,3949.718,1179.85,1990.379,224.88,1414.67,255.1125852,160.4622014,204.3179051,258.590698,200.0085314,212.2313731
5/31/2010,1809.98,3759.572,3575.137,1203,1945.992,224.001,1295.77,234.9842022,160.5263863,199.3325483,261.8747999,199.5485117,212.2525962
6/30/2010,1715.23,3559.653,3453.891,1243.65,1937.383,226.979,1274.66,221.8955821,156.5613846,189.9639185,261.4034252,196.4555098,212.2738215
7/30/2010,1835.4,3808.436,3734.816,1175.47,1966.958,230.366,1402.4,237.272946,156.8118828,189.3940267,262.0830741,200.3649744,212.2950488
8/31/2010,1752.55,3639.268,3596.902,1247,1973.905,235.241,1393.47,225.9550264,151.9350332,185.6819038,263.603156,197.0389159,212.3162783
9/30/2010,1908.95,3970.138,3933.681,1301.47,2001.65,235.719,1518.24,247.511136,157.6477905,179.7957875,263.10231,197.7679599,212.33751
10/29/2010,1981.59,4126.484,4081.186,1347.4,2032.488,235.836,1579.66,257.114568,159.0035615,175.3188724,266.4437093,197.1548792,212.3587437
11/30/2010,1981.84,4131.084,3994.994,1385.18,2039.365,233.466,1511.72,258.6572555,164.8230918,173.7760663,267.5094841,200.1319179,212.3799796
12/31/2010,2114.29,4407.359,4290.045,1417.63,2064.685,232.155,1603.06,276.2976803,166.4383581,180.3448016,258.0663993,206.4560865,212.4012176
1/31/2011,2164.4,4513.031,4387.97,1332.16,2105.371,232.043,1605.69,281.7960041,162.493769,181.7334566,256.3889677,208.169672,212.4224577
2/28/2011,2238.55,4664.337,4543.546,1415.05,2115.119,233.566,1643.81,291.6306847,165.1099187,183.9869514,251.4406607,209.9807481,212.4437
3/31/2011,2239.44,4669.889,4500.825,1437.13,2114.823,233.281,1635.71,292.9721858,169.4688206,180.5279967,255.9414485,209.9807481,212.4649443
4/29/2011,2305.76,4812.786,4694.884,1535.8,2128.607,236.33,1716.31,301.4683792,168.6214765,176.0509024,258.7056161,208.1959118,212.4649443
5/31/2011,2279.66,4760.617,4602.241,1538.1,2126.382,239.049,1721.69,297.6397308,167.424264,172.5298844,263.5692817,205.1562515,212.4649443
6/30/2011,2241.66,4679.897,4531.208,1510.78,2118.593,237.423,1676.67,292.4310355,167.6419155,171.8742708,270.0003722,202.1199389,212.4649443
7/29/2011,2196.08,4588.744,4450.249,1623.56,2121.178,241.615,1689.34,285.5589062,165.5966842,170.3102149,277.3713824,198.522204,212.4649443
8/31/2011,2076.78,4334.932,4138.562,1826.6,2028.242,240.678,1585,268.4539277,160.2644709,166.2227698,286.524638,197.9067852,212.4861908
9/30/2011,1930.79,4023.147,3782.757,1617.79,2036.933,239.801,1379.52,248.0782746,154.3827648,163.297249,292.3410881,198.3223894,212.4861908
10/31/2011,2141.81,4465.154,4175.103,1724.35,2096.089,243.564,1553.7,276.2351587,159.7552851,163.4932057,286.0557547,196.5969846,212.4861908
11/30/2011,2137.08,4452.911,4075.56,1745.85,2085.527,239.08,1462.95,275.4617003,159.3079703,162.741137,291.290575,199.5655991,212.4861908
12/30/2011,2158.94,4495.07,4074.834,1574.57,2095.876,243.632,1472.54,277.5001169,158.782254,165.3612693,294.2326099,204.5347825,212.4861908
1/31/2012,2255.69,4706.759,4280.521,1731.05,2141.919,248.863,1594.92,291.5138728,162.0690466,163.8068734,288.3185344,201.5485747,212.4861908
2/29/2012,2353.23,4914.136,4491.979,1734.74,2158.438,251.517,1658.47,304.3987859,159.2976659,164.5112429,286.9634373,201.4679553,212.4861908
3/30/2012,2430.67,5071.5,4552.202,1663.8,2174.723,251.435,1670.76,313.8655882,158.5171074,166.3537688,285.3851384,202.8580842,212.4861908
4/30/2012,2415.42,5040.928,4503.68,1660.28,2191.077,253.373,1707.14,311.1977307,157.661115,165.0728448,289.1236837,204.2578049,212.4861908
5/31/2012,2270.25,4731.22,4119.206,1566.05,2176.275,254.772,1592.67,291.9345912,157.5034539,163.3230727,295.195281,209.0374376,212.5074394
6/29/2012,2363.79,4918.302,4331.155,1597.36,2190.999,255.438,1695.68,303.2908468,158.7792318,164.2866788,292.0366915,209.9572023,212.5074394
7/31/2012,2396.62,4984.978,4388.036,1621.25,2216.664,261.864,1754.37,305.6868444,154.396925,164.0895348,295.3367062,210.0201895,212.5074394
8/31/2012,2450.6,5101.984,4501.501,1674.4,2241.579,263.475,1759.15,313.481859,155.0917112,166.2226987,291.408728,208.1720118,212.5286902
9/28/2012,2513.93,5232.081,4627.184,1774.45,2265.801,265.383,1798.49,322.0399137,156.0842982,168.8490174,287.0084562,211.3154092,212.5499431
10/31/2012,2467.51,5137.66,4597.231,1724.19,2273.593,268.392,1812.96,316.3720112,154.663931,174.8600424,283.1625429,216.7039521,212.5711981
11/30/2012,2481.82,5171.124,4658.581,1717.96,2280.655,269.252,1840.47,318.8397129,155.3444523,173.408704,285.0030994,218.5676061,212.5924552
12/31/2012,2504.44,5220.28,4748.699,1662.41,2297.516,269.932,1912.05,322.6020215,158.3270658,179.5300313,279.7020417,220.4472875,212.6137144
1/31/2013,2634.16,5496.521,4992.061,1663.9,2323.043,267.859,1978.72,340.5709541,159.0553703,181.2355666,274.3037923,223.5996837,212.6137144
2/28/2013,2669.92,5567.152,5002.799,1582.94,2327.912,270.2,1993.3,344.9643195,158.5941098,181.4168021,272.4933873,224.8742019,212.6137144
3/29/2013,2770.05,5776.561,5122.563,1595.8,2346.471,271.002,2023.91,358.8663815,159.9738785,180.9995435,272.8476287,227.9549785,212.6137144
4/30/2013,2823.42,5890.806,5287.524,1467.64,2361.102,275.369,2164.29,364.4288104,156.3904636,181.9045412,273.5843173,228.8440029,212.6137144
5/31/2013,2889.46,6014.938,5294.215,1392.74,2365.567,271.112,2007.44,374.6328171,159.6433853,186.7613925,268.1399894,226.7157537,212.6137144
6/28/2013,2850.66,5934.743,5165.877,1215.43,2350.976,264.6,1936.36,370.1372233,162.1338221,186.8547732,267.0942434,226.7384253,212.6137144
7/31/2013,2995.72,6246.996,5439.347,1309.66,2374.81,266.877,1954.83,391.0499764,165.0684443,187.9198454,263.4884711,227.9401389,212.6137144
8/30/2013,2908.96,6074.659,5325.887,1397.63,2373.608,265.552,1870.29,380.4525221,164.9528963,182.8835935,265.2538439,223.0166319,212.6137144
9/30/2013,3000.18,6275.866,5594.336,1330.84,2379.711,267.572,1976.44,394.7955822,169.3241481,180.6341253,263.7684224,219.8943991,212.6137144
10/31/2013,3138.09,6554.5,5814.649,1323.61,2397.043,271.193,2035.06,411.2980375,166.7842859,182.9101153,271.0484308,221.9174275,212.6137144
11/29/2013,3233.72,6741.446,5920.683,1253.35,2408.585,270.774,1960.58,424.1716661,169.1192659,183.4222636,271.4821083,222.0061945,212.6137144
12/31/2013,3315.59,6922.497,6048.181,1207.85,2420.14,269.996,1954.79,436.0908899,168.3751411,183.4039214,270.2332906,222.1837995,212.6137144
1/31/2014,3200.95,6687.485,5825.527,1242.68,2435.979,274.395,1941.41,421.6126724,169.3685544,179.6991622,259.7482389,219.0065711,212.6137144
2/28/2014,3347.38,7001.931,6120.254,1325.7,2440.272,276.726,2022.13,441.2176616,169.6395441,179.1420948,259.150818,217.9553396,212.6137144
3/31/2014,3375.51,7050.019,6132.592,1289.28,2449.079,277.126,2032.71,443.1148976,167.7226173,187.9558858,264.6189003,222.2708553,212.6137144
4/30/2014,3400.46,7092.383,6198.798,1293.7,2451.845,279.93,2089.49,442.2729793,160.7956732,190.0985829,273.7482523,224.5602451,212.6137144
5/30/2014,3480.29,7261.646,6326.601,1244.66,2468.509,283.507,2154.28,451.3838026,157.756635,189.8514548,273.8851264,222.2921866,212.6137144
6/30/2014,3552.18,7417.225,6442.501,1316.93,2482.992,284.28,2178.12,463.1649199,162.6470907,188.5414797,268.7360861,217.8685721,212.6137144
7/31/2014,3503.19,7312.88,6341.234,1286.06,2482.283,284.556,2203.82,453.7163555,155.6857952,188.579188,271.1278372,218.9361281,212.6137144
8/29/2014,3643.34,7606.392,6483.57,1287.93,2485.501,288.365,2234.46,472.953929,156.1528526,187.7494396,269.4468446,217.4473625,212.6137144
9/30/2014,3592.25,7487.563,6310.268,1212.83,2471.287,286.27,2095.18,463.6367366,150.3283512,185.2148222,272.9765983,216.3601257,212.6137144
10/31/2014,3679.99,7668.259,6352.598,1165.69,2477.687,288.395,2225.39,475.3203823,155.9656643,181.8253909,271.6663106,216.0788575,212.6137144
11/28/2014,3778.96,7871.617,6482.9,1181.97,2489.272,290.467,2249.3,487.4410521,152.4408403,176.2069864,275.8499718,216.6190546,212.6137144
12/31/2014,3769.44,7847.602,6381.054,1186.33,2458.748,290.808,2242.77,487.1485875,156.8158924,180.2068849,272.4846022,218.6985976,212.6137144
1/30/2015,3656.28,7626.069,6266.934,1273.24,2466.586,297.501,2342.27,471.9982664,155.4045494,173.7014164,276.9533496,215.0244611,212.6137144
2/27/2015,3866.42,8072.21,6637.222,1216.57,2501.388,295.971,2338.81,500.97896,155.8863035,170.4531999,273.8514721,211.2185282,212.6137144
3/31/2015,3805.27,7955.685,6537.619,1187.6,2511.004,296.889,2333.49,495.3679956,160.7187789,169.7543418,274.2622493,210.0779481,212.6137144
4/30/2015,3841.78,8028.432,6694.314,1180.69,2534.103,295.149,2334.3,498.2906668,155.7847124,172.8608462,274.2896756,208.7334492,212.6137144
5/29/2015,3891.18,8135.421,6723.06,1189.97,2538.209,294.06,2290.78,505.0674198,157.062147,170.9075187,269.4347483,207.2514417,212.6137144
6/30/2015,3815.85,7981.335,6569.466,1169.35,2528.24,289.202,2200.03,497.3398883,161.6012431,169.57444,270.5933177,204.0183193,212.6137144
7/31/2015,3895.8,8140.837,6689.576,1094.3,2528.084,291.427,2253.18,504.9989226,154.1999062,162.6727603,271.513335,198.9790668,212.6137144
8/31/2015,3660.75,7646.982,6249.646,1130.69,2510.399,289.43,2110.62,474.4969877,154.6162459,167.2275976,273.2510203,201.486203,212.6137144
9/30/2015,3570.17,7444.467,6021.954,1114.34,2494.097,289.971,2129.99,459.9299302,150.3179143,168.1975177,278.251514,200.3578803,212.6137144
10/30/2015,3871.33,8058.739,6500.91,1141.05,2489.211,291.848,2257.93,495.5744997,147.2213652,167.4406289,280.644477,201.419777,212.6137144
11/30/2015,3882.84,8086.848,6471.717,1063.68,2467.735,292.238,2210.52,498.3497169,152.0943924,166.7876104,273.0109473,199.3652953,212.6137144
12/31/2015,3821.6,7950.974,6360.575,1062.38,2441.824,290.112,2233.63,487.5355281,147.577189,162.4678113,274.2940987,199.4051684,212.6349758
1/29/2016,3631.96,7528.367,5981.674,1117.15,2425.202,291.52,2122.64,459.4047281,142.5300491,165.830895,282.0017629,205.5667881,212.6562393
2/29/2016,3627.06,7512.496,5940.8,1232.88,2413.098,293.176,2136.62,459.0372043,143.8698316,164.8690758,291.3642214,209.5958971,212.6987705
3/31/2016,3873.11,8027.008,6348.295,1234.34,2479.598,299.938,2347.2,490.9861937,145.3229169,166.6826356,293.4911802,209.5539779,212.7413103
4/29/2016,3888.13,8066.671,6452.777,1292.34,2528.477,302.989,2350.7,495.5032667,147.0086627,171.9998117,284.9212378,213.4935927,212.7625844
5/31/2016,3957.95,8214.231,6494.943,1214.28,2551.366,303.481,2340.55,504.3232249,146.0678073,169.1618148,281.8155963,208.1776023,212.7838607
6/30/2016,3968.21,8235.468,6425.28,1321.07,2551.905,309.064,2430.91,504.0710633,146.6958988,166.7089685,285.930104,212.2162478,212.8264175
7/29/2016,4114.51,8548.01,6698.466,1349.09,2587.72,314.049,2553.1,523.9818703,150.3486267,164.5584228,289.4756373,209.712096,212.8689827
8/31/2016,4120.29,8560.942,6707.42,1307.93,2607.847,315.567,2498.67,526.6017796,152.8895185,169.6761897,284.0045477,208.9990749,212.9115565
9/30/2016,4121.06,8570.201,6746.077,1321.51,2630.377,314.887,2479.88,527.9182841,155.7485525,167.6231079,277.6712463,209.0408747,212.9541388
10/31/2016,4045.89,8407.785,6617.258,1273.88,2652.089,312.147,2346.53,517.2543347,149.4407361,174.5291799,280.3646574,209.5216687,212.9967297
11/30/2016,4195.73,8711.426,6716.017,1173.76,2659.109,305.691,2275.51,542.3928954,159.9613639,188.8580256,279.8880375,217.2739705,213.0180293
12/30/2016,4278.66,8873.969,6879.162,1157.49,2689.414,307.825,2336.73,552.2644461,160.6012094,195.6569145,283.3586491,216.7742403,213.0819348
1/31/2017,4359.81,9057.787,7046.796,1211.49,2704.907,308.276,2361.95,562.9783763,158.3206722,190.295915,281.9418559,214.6498528,213.1671675
2/28/2017,4532.93,9413.917,7245.763,1256.64,2718.479,311.98,2440.05,583.0767044,154.7901212,187.1179732,283.1260117,210.7002955,213.2524344
3/31/2017,4538.21,9427.203,7328.135,1247.25,2720.666,311.726,2416.15,584.0679348,155.9200891,180.8869447,284.9097056,208.7197127,213.3164101
4/28/2017,4584.82,9529.109,7440.26,1267.86,2731.85,314.504,2447.02,590.4342753,156.6529135,177.0340528,290.3799719,205.3384534,213.4230683
5/31/2017,4649.34,9659.066,7604.861,1267.97,2742.533,317.648,2481.33,596.6928786,151.9063303,170.3952758,293.1385816,201.6423612,213.5511222
6/30/2017,4678.36,9719.584,7637.015,1243.47,2741.358,317.595,2505.7,601.347083,155.8103229,172.9341654,286.5136497,201.6423612,213.6792528
7/31/2017,4774.56,9917.602,7822.147,1268.85,2760.22,319.875,2573.18,612.5922735,153.2861957,172.5537103,284.8232192,201.3398977,213.8288283
8/31/2017,4789.18,9950.119,7837.108,1316.02,2759.003,322.586,2581.85,613.5724211,150.496387,168.9818485,285.165007,196.6084101,214.0212743
9/29/2017,4887.97,10153.034,8016.091,1283.83,2769.427,321.687,2589.92,628.9730889,157.6299157,174.2033876,280.8875319,199.8131272,214.2138934
10/31/2017,5002.03,10385.528,8169.601,1269.46,2786.356,323.766,2579.02,643.1249834,154.5561323,174.5866351,283.2750759,193.3591631,214.4066859
11/30/2017,5155.44,10701.668,8350.802,1279.13,2789.589,323.6,2639.43,663.1904829,154.0151859,174.4993417,292.2548959,193.165804,214.5782113
12/29/2017,5212.76,10817.676,8466.345,1303.46,2799.889,325.476,2687.54,670.220302,152.3672234,174.5516915,294.4468076,196.3723563,214.7713317
1/31/2018,5511.21,11438.53,8915.278,1341.67,2827.592,323.408,2722.97,707.6185948,147.4152886,172.1777885,292.3267906,194.3889955,215.0075801
2/28/2018,5308.09,11018.792,8549.699,1319.34,2833.207,320.4,2538.01,681.7905161,147.8870175,170.4043573,293.9638206,189.8791708,215.2440885
3/30/2018,5173.19,10749.919,8368.879,1323.43,2840.404,321.123,2597.6,665.768439,153.1961615,170.0124273,292.5527942,189.8791708,215.5023814
4/30/2018,5193.04,10793.095,8470.213,1313.18,2852.93,319.606,2642.81,667.6991675,154.5902465,170.8284869,285.5022719,192.2716484,215.8040847
5/31/2018,5318.1,11056.275,8531.327,1304.08,2857.74,320.626,2671.12,685.3931954,161.9951194,165.4815553,279.6494753,189.426028,216.1062104
6/29/2018,5350.83,11131.357,8530.354,1251.13,2860.604,319.739,2687.24,688.6830828,163.3072798,161.6258351,281.942601,189.8238227,216.4087591
7/31/2018,5549.96,11530.962,8798.941,1222.01,2882.18,321.632,2710.1,710.6520731,160.1227879,162.3531513,286.2563228,190.5071884,216.7550131
8/31/2018,5730.8,11912.802,8911.933,1202.84,2893.744,323.224,2730.41,735.0985044,161.1315614,155.8914959,285.4261795,185.4777986,217.1018211
9/28/2018,5763.42,11967.276,8965.288,1191.49,2912.751,322.239,2666.23,735.5395635,157.1032724,153.2413405,287.3385349,187.8519145,217.4274739
10/31/2018,5369.49,11136.44,8309.11,1215.54,2912.734,319.698,2559.83,679.050125,150.0336251,158.4975184,290.2119202,194.5018722,217.8405861
11/30/2018,5478.91,11353.409,8407.845,1219.15,2886.456,318.85,2669.61,690.5260722,148.8933696,158.909612,288.4126063,195.2798797,218.2326991
12/31/2018,4984.22,10330.705,7771.71,1281.34,2813.001,322.671,2538.44,624.5808323,144.5605725,155.8903294,288.3260826,195.6704395,218.6473413
1/31/2019,5383.63,11180.283,8379.029,1322.59,2884.638,328.605,2814.3,677.1080803,148.9118458,155.2044119,286.0771391,192.6766818,219.1065007
2/28/2019,5556.49,11554.568,8635.203,1315.65,2930.553,330.321,2804.3,700.129755,151.4880207,151.0449337,286.6779011,189.5745872,219.5008924
3/29/2019,5664.46,11768.197,8754.489,1295.72,2924.446,337.613,2918.65,707.8311823,146.2465352,144.9276139,288.9139887,187.6977988,219.9179441
4/30/2019,5893.81,12240.093,9069.951,1283.06,2973.273,339.703,2886.97,735.8612971,144.5354507,148.0725431,293.7099609,183.4933681,220.3797718
5/31/2019,5519.27,11466.21,8554.772,1300.11,2967.304,343.406,2861.93,684.7925231,142.2373371,144.5632238,292.2414111,186.6861527,220.8425693
6/28/2019,5908.25,12271.554,9122.09,1412.3,2973.498,350.412,2929.51,732.2486449,142.6924965,143.5368249,294.8131356,185.7900591,221.2400859
7/31/2019,5993.17,12461.134,9169.816,1427.68,2998.338,353.821,2933.82,740.9624038,140.1525701,144.1396796,294.5772851,186.4774824,221.6604421
8/30/2019,5898.23,12244.426,8986.644,1529.31,2989.593,362.018,2959.72,721.8455738,135.6396573,137.0047654,296.0796292,185.1907877,222.0150988
9/30/2019,6008.59,12462.232,9182.168,1473.85,3004.046,360.096,3030.5,732.1679655,136.0058844,146.3621909,301.4978864,191.4131982,222.414726
10/31/2019,6138.73,12733.536,9418.381,1510.23,2990.533,361.579,3114.94,747.2506256,136.3731003,143.5374006,302.8546269,189.5756315,222.748348
11/29/2019,6361.56,13212.237,9685.175,1461.54,3007.638,362.134,3086.01,776.1692248,136.9867792,140.6379451,298.0695238,187.2059361,223.0156461
12/31/2019,6553.57,13599.603,9979.034,1520.5,3056.095,363.042,3137.02,797.6691123,138.315551,143.1553644,298.0993308,189.4898485,223.327868
1/31/2020,6551,13626.226,9921.109,1586.7,3073.17,370.652,3126.36,796.7916763,132.2573299,134.2224696,294.5817587,185.093684,223.6181942
2/28/2020,6011.73,12515.075,9086.788,1586.71,3032.104,373.596,2891.06,732.012513,132.2837813,129.135438,290.2219486,180.4478326,223.886536
3/31/2020,5269.2,10927.716,7890.181,1612.1,2657.423,347.703,2247.13,634.0692388,121.2777707,111.0306496,285.7815528,182.7214753,224.1551999
4/30/2020,5944.68,12365.139,8756.465,1704.81,2777.052,363.991,2404.16,720.6196899,124.4067372,109.720488,293.4690766,180.8759884,224.1551999
5/29/2020,6227.81,13008.34,9185.249,1731.55,2881.683,368.631,2400.81,760.8302686,126.8575499,104.4539045,296.2276859,174.9975187,224.1776154
6/30/2020,6351.67,13305.172,9432.107,1783.66,2915.265,375.379,2475.87,779.5466932,129.3566437,102.3230449,296.4942908,175.9250056,224.2000331
7/31/2020,6709.81,14094.992,9886.493,1975.1,2972.321,385.13,2547.59,824.5265374,125.2560381,100.7575023,297.5913197,177.5083306,224.2224532
8/31/2020,7192.11,15153.254,10550.972,1967.93,3016.718,382.39,2603.85,887.4379122,124.1036825,97.81538322,310.4770238,175.1652207,224.2448754
9/30/2020,6918.83,14587.942,10191.079,1899.84,3035.847,382.317,2525.94,855.223916,124.0912722,95.25262018,306.1613932,171.9772137,224.2672999
10/30/2020,6734.84,14208.367,9881.076,1880.77,3041.673,382.69,2444.36,837.2642137,129.8863346,99.21512918,303.3140922,170.6873846,224.2897266
11/30/2020,7472.06,15852.222,11148.6,1774.39,3109.736,390.689,2761.32,941.6710612,138.978378,101.3284114,296.8231707,173.0428705,224.3121556
12/31/2020,7759.35,16505.979,11625.199,1897.77,3151.583,392.641,2849.63,985.2704313,145.5381574,99.87941515,290.9757542,172.9044362,224.3345868
1/29/2021,7681.01,16352.868,11512.425,1858.01,3188.34,389.422,2818.9,984.9748502,155.3910907,102.8658097,280.4424319,181.1519778,224.3345868
2/26/2021,7892.81,16779.938,11811.31,1727.44,3207.087,383.036,2938.08,1012.357151,162.414768,110.2515748,281.7044229,177.7282054,224.3345868
3/31/2021,8238.48,17411.205,12211.116,1704.74,3207.716,379.979,3019.78,1043.537751,160.9205521,118.4212165,299.5926537,183.9131469,224.3345868
4/30/2021,8678.16,18358.814,12784.973,1770.46,3224.2,382.919,3187.55,1094.984162,155.932015,117.3198992,306.4832847,178.7819701,224.3345868
5/31/2021,8738.77,18447.077,12976.578,1905.99,3241.861,384.654,3243.33,1098.159616,157.787606,125.5792201,313.6549936,184.3242112,224.3345868
6/30/2021,8942.78,18960.673,13174.251,1765.43,3254.939,389.392,3258.34,1128.79827,157.393137,115.8342726,306.9427767,182.4994015,224.3345868
7/30/2021,9155.21,19409.019,13413.45,1823.24,3254.138,393.995,3342.98,1142.230969,150.2160099,113.8071728,323.3949096,181.4956548,224.3345868
8/31/2021,9433.58,19981.807,13751.461,1806.3,3269.963,393.306,3398.48,1175.46989,149.0743682,113.7275078,322.4894038,178.4646774,224.3345868
9/30/2021,8994.83,19038.351,13186.527,1760.95,3290.974,389.473,3211.42,1124.101856,150.9377978,119.516238,316.2653583,182.1767427,224.3345868
